AnnoA;AteneoCOD;AteneoNOME;Isc_M;Isc_F
2020/2021;Aosta;00701;312;700
2020/2021;Bari;07201;15803;26040
2020/2021;Bari Politecnico;07202;7314;3146
2020/2021;Basilicata;07601;2605;3529
2020/2021;Benevento - Giustino Fortunato;06202;525;648
2020/2021;Bergamo;01601;8199;13720
2020/2021;Bologna;03701;36037;45598
2020/2021;Bolzano;02101;1252;2833
2020/2021;Bra - Scienze Gastronomiche;00401;167;156
2020/2021;Brescia;01701;8027;6966
2020/2021;Cagliari;09201;10489;15089
2020/2021;Calabria;07801;10170;14021
2020/2021;Camerino;04302;3203;2908
2020/2021;Casamassima - LUM;07203;865;593
2020/2021;Cassino;06001;3149;3636
2020/2021;Castellanza LIUC;01201;1701;920
2020/2021;Catania;08701;15874;21532
2020/2021;Catanzaro;07901;4066;6355
2020/2021;Chieti e Pescara;06901;7962;14575
2020/2021;Enna - KORE;08601;1574;3309
2020/2021;Ferrara;03801;10374;15296
2020/2021;Firenze;04801;23076;31793
2020/2021;Firenze IUL;04804;192;484
2020/2021;Foggia;07101;4283;7114
2020/2021;Genova;01001;14655;18580
2020/2021;Insubria;01202;5502;6489
2020/2021;L'Aquila;06601;6545;8224
2020/2021;Macerata;04301;2375;6976
2020/2021;Marche;04201;8279;6796
2020/2021;Messina;08301;8909;14709
2020/2021;Milano;01501;25312;37202
2020/2021;Milano Bicocca;01509;13561;21779
2020/2021;Milano Bocconi;01503;7998;5608
2020/2021;Milano Cattolica;01504;13633;27432
2020/2021;Milano IULM;01505;1827;5113
2020/2021;Milano Politecnico;01502;29789;15275
2020/2021;Milano San Raffaele;01508;1166;2094
2020/2021;Modena e Reggio Emilia;03601;13093;14705
2020/2021;Molise;07001;2641;3947
2020/2021;Napoli Benincasa;06304;1075;6387
2020/2021;Napoli Federico II;06301;31790;39614
2020/2021;Napoli II;06306;9334;13638
2020/2021;Napoli L'Orientale;06303;2289;9159
2020/2021;Napoli Parthenope;06302;6318;4595
2020/2021;Napoli Pegaso;06307;12724;12150
2020/2021;Novedrate e-Campus;01301;9301;10852
2020/2021;Padova;02801;29946;33934
2020/2021;Palermo;08201;16922;23627
2020/2021;Parma;03401;11646;16199
2020/2021;Pavia;01801;10366;13223
2020/2021;Perugia;05401;10721;15372
2020/2021;Perugia Stranieri;05403;358;742
2020/2021;Piemonte Orientale;00201;5515;8264
2020/2021;Pisa;05001;22855;24594
2020/2021;Reggio Calabria;08001;2150;2687
2020/2021;Reggio Calabria - Dante Alighieri;08003;95;478
2020/2021;Roma - Link Campus;05817;396;159
2020/2021;Roma Biomedico;05808;820;1297
2020/2021;Roma Europea;05812;478;1231
2020/2021;Roma Foro Italico;05806;1566;606
2020/2021;Roma La Sapienza;05801;45007;62254
2020/2021;Roma LUISS;05805;5048;4456
2020/2021;Roma LUMSA;05803;1841;4376
2020/2021;Roma Marconi;05810;2874;3349
2020/2021;Roma Saint Camillus;05818;410;703
2020/2021;Roma San Raffaele;05816;4162;3606
2020/2021;Roma Tor Vergata;05802;11973;13821
2020/2021;Roma Tre;05807;12622;18786
2020/2021;Roma UNICUSANO;05815;2401;2204
2020/2021;Roma UNINETTUNO;05813;2815;2525
2020/2021;Roma UNINT;05809;369;1580
2020/2021;Roma UNITELMA;05811;799;803
2020/2021;Rozzano (MI) Humanitas University;01510;445;779
2020/2021;Salento;07501;6871;11170
2020/2021;Salerno;06501;15262;18772
2020/2021;Sannio;06201;2007;2093
2020/2021;Sassari;09001;4931;8233
2020/2021;Siena;05201;5929;9491
2020/2021;Siena Stranieri;05202;419;2025
2020/2021;Teramo;06701;2482;3286
2020/2021;Torino;00101;31336;50046
2020/2021;Torino Politecnico;00102;24049;9994
2020/2021;Torrevecchia Teatina - Leonardo da Vinci;06902;9;16
2020/2021;Trento;02201;7872;8203
2020/2021;Trieste;03201;6617;8827
2020/2021;Tuscia;05601;3803;4095
2020/2021;Udine;03001;7001;7914
2020/2021;Urbino Carlo Bo;04101;5389;9365
2020/2021;Venezia Cà Foscari;02701;7797;13578
2020/2021;Venezia Iuav;02702;1650;2149
2020/2021;Verona;02301;8353;14972
2019/2020;Aosta;00701;317;702
2019/2020;Bari;07201;15725;26465
2019/2020;Bari Politecnico;07202;6820;3051
2019/2020;Basilicata;07601;2680;3591
2019/2020;Benevento - Giustino Fortunato;06202;635;613
2019/2020;Bergamo;01601;7875;13216
2019/2020;Bologna;03701;35389;44446
2019/2020;Bolzano;02101;1217;2739
2019/2020;Bra - Scienze Gastronomiche;00401;192;180
2019/2020;Brescia;01701;7824;6590
2019/2020;Cagliari;09201;10456;14703
2019/2020;Calabria;07801;10153;14105
2019/2020;Camerino;04302;3202;3091
2019/2020;Casamassima - LUM;07203;941;650
2019/2020;Cassino;06001;3266;3780
2019/2020;Castellanza LIUC;01201;1609;877
2019/2020;Catania;08701;16325;21671
2019/2020;Catanzaro;07901;4227;6732
2019/2020;Chieti e Pescara;06901;8122;14741
2019/2020;Enna - KORE;08601;1602;3159
2019/2020;Ferrara;03801;9303;13456
2019/2020;Firenze;04801;22073;29846
2019/2020;Firenze IUL;04804;106;286
2019/2020;Foggia;07101;3937;6547
2019/2020;Genova;01001;13574;16962
2019/2020;Insubria;01202;5252;6137
2019/2020;L'Aquila;06601;7118;8689
2019/2020;Macerata;04301;2622;7351
2019/2020;Marche;04201;8264;6747
2019/2020;Messina;08301;8338;14248
2019/2020;Milano;01501;25152;35908
2019/2020;Milano Bicocca;01509;13213;20399
2019/2020;Milano Bocconi;01503;7958;5627
2019/2020;Milano Cattolica;01504;13921;27329
2019/2020;Milano IULM;01505;1874;4910
2019/2020;Milano Politecnico;01502;30139;15293
2019/2020;Milano San Raffaele;01508;1125;1837
2019/2020;Modena e Reggio Emilia;03601;12558;14106
2019/2020;Molise;07001;2808;3913
2019/2020;Napoli Benincasa;06304;1244;7115
2019/2020;Napoli Federico II;06301;33154;40883
2019/2020;Napoli II;06306;9375;13360
2019/2020;Napoli L'Orientale;06303;2330;9237
2019/2020;Napoli Parthenope;06302;6125;4637
2019/2020;Napoli Pegaso;06307;30508;23445
2019/2020;Novedrate e-Campus;01301;10418;11431
2019/2020;Padova;02801;28210;31606
2019/2020;Palermo;08201;16996;23713
2019/2020;Parma;03401;11283;15385
2019/2020;Pavia;01801;10309;12986
2019/2020;Perugia;05401;9914;13592
2019/2020;Perugia Stranieri;05403;380;714
2019/2020;Piemonte Orientale;00201;5175;7947
2019/2020;Pisa;05001;21546;22737
2019/2020;Reggio Calabria;08001;2329;2535
2019/2020;Reggio Calabria - Dante Alighieri;08003;130;566
2019/2020;Roma - Link Campus;05817;618;259
2019/2020;Roma  Mercatorum;05814;4236;2029
2019/2020;Roma Biomedico;05808;786;1232
2019/2020;Roma Europea;05812;419;1074
2019/2020;Roma Foro Italico;05806;1520;567
2019/2020;Roma La Sapienza;05801;44077;59584
2019/2020;Roma LUISS;05805;5154;4312
2019/2020;Roma LUMSA;05803;1892;4254
2019/2020;Roma Marconi;05810;4982;5219
2019/2020;Roma Saint Camillus;05818;196;365
2019/2020;Roma San Raffaele;05816;3770;2932
2019/2020;Roma Tor Vergata;05802;12517;14190
2019/2020;Roma Tre;05807;12481;18307
2019/2020;Roma UNICUSANO;05815;10742;8066
2019/2020;Roma UNINETTUNO;05813;8953;6138
2019/2020;Roma UNINT;05809;352;1416
2019/2020;Roma UNITELMA;05811;1127;1104
2019/2020;Rozzano (MI) Humanitas University;01510;420;751
2019/2020;Salento;07501;6655;10790
2019/2020;Salerno;06501;15627;19490
2019/2020;Sannio;06201;2074;2227
2019/2020;Sassari;09001;4920;8358
2019/2020;Siena;05201;6104;9359
2019/2020;Siena Stranieri;05202;369;1801
2019/2020;Teramo;06701;2353;3136
2019/2020;Torino;00101;29103;45915
2019/2020;Torino Politecnico;00102;23128;9351
2019/2020;Torrevecchia Teatina - Leonardo da Vinci;06902;22;37
2019/2020;Trento;02201;8233;8550
2019/2020;Trieste;03201;6602;8853
2019/2020;Tuscia;05601;3846;4026
2019/2020;Udine;03001;7121;7729
2019/2020;Urbino Carlo Bo;04101;5465;9037
2019/2020;Venezia Cà Foscari;02701;7562;13516
2019/2020;Venezia Iuav;02702;1686;2119
2019/2020;Verona;02301;7948;14487
2018/2019;Aosta;00701;316;709
2018/2019;Bari;07201;15978;26716
2018/2019;Bari Politecnico;07202;6805;3009
2018/2019;Basilicata;07601;2704;3706
2018/2019;Benevento - Giustino Fortunato;06202;547;389
2018/2019;Bergamo;01601;7411;12039
2018/2019;Bologna;03701;35371;44708
2018/2019;Bolzano;02101;1199;2560
2018/2019;Bra - Scienze Gastronomiche;00401;192;168
2018/2019;Brescia;01701;7588;6374
2018/2019;Cagliari;09201;10270;14572
2018/2019;Calabria;07801;10674;14591
2018/2019;Camerino;04302;3414;3390
2018/2019;Casamassima - LUM;07203;900;597
2018/2019;Cassino;06001;3338;3911
2018/2019;Castellanza LIUC;01201;1491;794
2018/2019;Catania;08701;16855;22611
2018/2019;Catanzaro;07901;4165;6613
2018/2019;Chieti e Pescara;06901;8574;15094
2018/2019;Enna - KORE;08601;1662;3158
2018/2019;Ferrara;03801;8505;11811
2018/2019;Firenze;04801;21790;29861
2018/2019;Firenze IUL;04804;73;201
2018/2019;Foggia;07101;3929;6427
2018/2019;Genova;01001;13521;16750
2018/2019;Insubria;01202;4875;5828
2018/2019;L'Aquila;06601;7020;8890
2018/2019;Macerata;04301;2760;7438
2018/2019;Marche;04201;8288;6718
2018/2019;Messina;08301;8352;14099
2018/2019;Milano;01501;24681;34731
2018/2019;Milano Bicocca;01509;12880;20256
2018/2019;Milano Bocconi;01503;7763;5763
2018/2019;Milano Cattolica;01504;13714;26148
2018/2019;Milano IULM;01505;1797;4454
2018/2019;Milano Politecnico;01502;29789;14857
2018/2019;Milano San Raffaele;01508;1088;1722
2018/2019;Modena e Reggio Emilia;03601;11680;13264
2018/2019;Molise;07001;2823;3991
2018/2019;Napoli Benincasa;06304;1206;7017
2018/2019;Napoli Federico II;06301;33574;41090
2018/2019;Napoli II;06306;9941;13996
2018/2019;Napoli L'Orientale;06303;2362;9221
2018/2019;Napoli Parthenope;06302;6460;4884
2018/2019;Napoli Pegaso;06307;23244;16552
2018/2019;Novedrate e-Campus;01301;7629;7994
2018/2019;Padova;02801;27656;30984
2018/2019;Palermo;08201;16586;22883
2018/2019;Parma;03401;11029;14729
2018/2019;Pavia;01801;10304;12794
2018/2019;Perugia;05401;10101;13392
2018/2019;Perugia Stranieri;05403;380;671
2018/2019;Piemonte Orientale;00201;4913;7734
2018/2019;Pisa;05001;21642;22724
2018/2019;Reggio Calabria;08001;2444;2491
2018/2019;Reggio Calabria - Dante Alighieri;08003;140;640
2018/2019;Roma - Link Campus;05817;1375;471
2018/2019;Roma  Mercatorum;05814;2554;890
2018/2019;Roma Biomedico;05808;710;1132
2018/2019;Roma Europea;05812;388;850
2018/2019;Roma Foro Italico;05806;1576;555
2018/2019;Roma La Sapienza;05801;43573;58426
2018/2019;Roma LUISS;05805;5070;4217
2018/2019;Roma LUMSA;05803;1756;3984
2018/2019;Roma Marconi;05810;4758;4871
2018/2019;Roma Saint Camillus;05818;75;132
2018/2019;Roma San Raffaele;05816;3095;2373
2018/2019;Roma Tor Vergata;05802;13251;14467
2018/2019;Roma Tre;05807;12700;18490
2018/2019;Roma UNICUSANO;05815;14278;9941
2018/2019;Roma UNINETTUNO;05813;7917;5268
2018/2019;Roma UNINT;05809;333;1206
2018/2019;Roma UNITELMA;05811;915;834
2018/2019;Rozzano (MI) Humanitas University;01510;337;608
2018/2019;Salento;07501;6435;10581
2018/2019;Salerno;06501;15426;19922
2018/2019;Sannio;06201;2246;2389
2018/2019;Sassari;09001;4892;8349
2018/2019;Siena;05201;6430;9290
2018/2019;Siena Stranieri;05202;385;1768
2018/2019;Teramo;06701;2393;3126
2018/2019;Torino;00101;28294;44604
2018/2019;Torino Politecnico;00102;23148;9112
2018/2019;Torrevecchia Teatina - Leonardo da Vinci;06902;30;41
2018/2019;Trento;02201;8154;8370
2018/2019;Trieste;03201;6677;8639
2018/2019;Tuscia;05601;3900;3859
2018/2019;Udine;03001;7115;7739
2018/2019;Urbino Carlo Bo;04101;5405;8820
2018/2019;Venezia Cà Foscari;02701;7428;13359
2018/2019;Venezia Iuav;02702;1813;2145
2018/2019;Verona;02301;8121;14632
2017/2018;Aosta;00701;301;750
2017/2018;Bari;07201;16224;27024
2017/2018;Bari Politecnico;07202;6712;3045
2017/2018;Basilicata;07601;2809;3763
2017/2018;Benevento - Giustino Fortunato;06202;538;278
2017/2018;Bergamo;01601;6953;11142
2017/2018;Bologna;03701;35396;44113
2017/2018;Bolzano;02101;1179;2502
2017/2018;Bra - Scienze Gastronomiche;00401;179;161
2017/2018;Brescia;01701;7559;6403
2017/2018;Cagliari;09201;10387;14777
2017/2018;Calabria;07801;10938;15051
2017/2018;Camerino;04302;3386;3398
2017/2018;Casamassima - LUM;07203;948;601
2017/2018;Cassino;06001;3346;3885
2017/2018;Castellanza LIUC;01201;1365;745
2017/2018;Catania;08701;17651;24420
2017/2018;Catanzaro;07901;4105;6296
2017/2018;Chieti e Pescara;06901;8800;15401
2017/2018;Enna - KORE;08601;1855;3326
2017/2018;Ferrara;03801;7847;10553
2017/2018;Firenze;04801;21374;30305
2017/2018;Firenze IUL;04804;65;160
2017/2018;Foggia;07101;3860;6334
2017/2018;Genova;01001;14515;17482
2017/2018;Insubria;01202;4645;5400
2017/2018;L'Aquila;06601;7088;9123
2017/2018;Macerata;04301;2771;7271
2017/2018;Marche;04201;8345;6857
2017/2018;Messina;08301;8604;14334
2017/2018;Milano;01501;25373;35222
2017/2018;Milano Bicocca;01509;12941;20226
2017/2018;Milano Bocconi;01503;7520;5906
2017/2018;Milano Cattolica;01504;13449;25032
2017/2018;Milano IULM;01505;1670;4062
2017/2018;Milano Politecnico;01502;29162;14511
2017/2018;Milano San Raffaele;01508;1024;1578
2017/2018;Modena e Reggio Emilia;03601;11231;12526
2017/2018;Molise;07001;2797;4097
2017/2018;Napoli Benincasa;06304;1206;7025
2017/2018;Napoli Federico II;06301;33787;41473
2017/2018;Napoli II;06306;10407;14345
2017/2018;Napoli L'Orientale;06303;2377;8843
2017/2018;Napoli Parthenope;06302;6861;5220
2017/2018;Napoli Pegaso;06307;18116;11718
2017/2018;Novedrate e-Campus;01301;5679;5703
2017/2018;Padova;02801;27229;30673
2017/2018;Palermo;08201;16510;22801
2017/2018;Parma;03401;10803;13992
2017/2018;Pavia;01801;9828;12170
2017/2018;Perugia;05401;9879;13105
2017/2018;Perugia Stranieri;05403;321;614
2017/2018;Piemonte Orientale;00201;4745;7386
2017/2018;Pisa;05001;21638;22668
2017/2018;Reggio Calabria;08001;2643;2628
2017/2018;Reggio Calabria - Dante Alighieri;08003;151;709
2017/2018;Roma - Link Campus;05817;1352;525
2017/2018;Roma  Mercatorum;05814;1543;394
2017/2018;Roma Biomedico;05808;693;1088
2017/2018;Roma Europea;05812;337;667
2017/2018;Roma Foro Italico;05806;1602;572
2017/2018;Roma La Sapienza;05801;43040;57351
2017/2018;Roma LUISS;05805;4901;4143
2017/2018;Roma LUMSA;05803;1746;3896
2017/2018;Roma Marconi;05810;4758;4407
2017/2018;Roma San Raffaele;05816;2398;1837
2017/2018;Roma Tor Vergata;05802;13791;14704
2017/2018;Roma Tre;05807;13085;18866
2017/2018;Roma UNICUSANO;05815;12960;8720
2017/2018;Roma UNINETTUNO;05813;6982;4534
2017/2018;Roma UNINT;05809;298;1005
2017/2018;Roma UNITELMA;05811;853;787
2017/2018;Rozzano (MI) Humanitas University;01510;286;435
2017/2018;Salento;07501;6214;10412
2017/2018;Salerno;06501;15363;20225
2017/2018;Sannio;06201;2349;2490
2017/2018;Sassari;09001;4790;8328
2017/2018;Siena;05201;6591;9148
2017/2018;Siena Stranieri;05202;401;1668
2017/2018;Teramo;06701;2506;3352
2017/2018;Torino;00101;28062;43523
2017/2018;Torino Politecnico;00102;22875;8951
2017/2018;Torrevecchia Teatina - Leonardo da Vinci;06902;45;54
2017/2018;Trento;02201;8066;8186
2017/2018;Trieste;03201;6693;8438
2017/2018;Tuscia;05601;4147;3952
2017/2018;Udine;03001;7189;7715
2017/2018;Urbino Carlo Bo;04101;5413;8709
2017/2018;Venezia Cà Foscari;02701;7223;13103
2017/2018;Venezia Iuav;02702;1887;2107
2017/2018;Verona;02301;8346;15119
2016/2017;Aosta;00701;289;770
2016/2017;Bari;07201;16685;27661
2016/2017;Bari Politecnico;07202;6645;3004
2016/2017;Basilicata;07601;2870;3829
2016/2017;Benevento - Giustino Fortunato;06202;497;283
2016/2017;Bergamo;01601;6374;10428
2016/2017;Bologna;03701;34990;43527
2016/2017;Bolzano;02101;1046;2247
2016/2017;Bra - Scienze Gastronomiche;00401;166;153
2016/2017;Brescia;01701;7511;6377
2016/2017;Cagliari;09201;10605;15376
2016/2017;Calabria;07801;10983;15488
2016/2017;Camerino;04302;3475;3468
2016/2017;Casamassima - LUM;07203;847;519
2016/2017;Cassino;06001;3495;4099
2016/2017;Castellanza LIUC;01201;1311;729
2016/2017;Catania;08701;17914;25506
2016/2017;Catanzaro;07901;4068;6220
2016/2017;Chieti e Pescara;06901;9069;15874
2016/2017;Enna - KORE;08601;2016;3498
2016/2017;Ferrara;03801;6961;8599
2016/2017;Firenze;04801;20975;30021
2016/2017;Firenze IUL;04804;47;149
2016/2017;Foggia;07101;3761;6014
2016/2017;Genova;01001;14253;17227
2016/2017;Insubria;01202;4274;5058
2016/2017;L'Aquila;06601;7429;9612
2016/2017;Macerata;04301;2892;7289
2016/2017;Marche;04201;8329;6986
2016/2017;Messina;08301;8510;14348
2016/2017;Milano;01501;24797;34900
2016/2017;Milano Bicocca;01509;12700;20022
2016/2017;Milano Bocconi;01503;7149;6121
2016/2017;Milano Cattolica;01504;13238;23894
2016/2017;Milano IULM;01505;1502;3714
2016/2017;Milano Politecnico;01502;28401;14037
2016/2017;Milano San Raffaele;01508;996;1466
2016/2017;Modena e Reggio Emilia;03601;10426;11729
2016/2017;Molise;07001;2851;4084
2016/2017;Napoli Benincasa;06304;1174;6980
2016/2017;Napoli Federico II;06301;34356;42457
2016/2017;Napoli II;06306;10608;14799
2016/2017;Napoli L'Orientale;06303;2376;8575
2016/2017;Napoli Parthenope;06302;7344;5625
2016/2017;Napoli Pegaso;06307;12879;7353
2016/2017;Novedrate e-Campus;01301;4579;4512
2016/2017;Padova;02801;26990;30860
2016/2017;Palermo;08201;16619;23208
2016/2017;Parma;03401;10492;13394
2016/2017;Pavia;01801;9537;11827
2016/2017;Perugia;05401;9919;13029
2016/2017;Perugia Stranieri;05403;330;551
2016/2017;Piemonte Orientale;00201;4591;7152
2016/2017;Pisa;05001;21975;23239
2016/2017;Reggio Calabria;08001;2904;2943
2016/2017;Reggio Calabria - Dante Alighieri;08003;158;795
2016/2017;Roma - Link Campus;05817;1238;550
2016/2017;Roma  Mercatorum;05814;505;221
2016/2017;Roma Biomedico;05808;678;1005
2016/2017;Roma Europea;05812;314;526
2016/2017;Roma Foro Italico;05806;1611;582
2016/2017;Roma La Sapienza;05801;42921;57565
2016/2017;Roma LUISS;05805;4685;3984
2016/2017;Roma LUMSA;05803;1767;3849
2016/2017;Roma Marconi;05810;5121;4317
2016/2017;Roma San Raffaele;05816;1743;1311
2016/2017;Roma Tor Vergata;05802;14419;15119
2016/2017;Roma Tre;05807;13344;19071
2016/2017;Roma UNICUSANO;05815;12384;8223
2016/2017;Roma UNINETTUNO;05813;6454;4066
2016/2017;Roma UNINT;05809;324;1028
2016/2017;Roma UNITELMA;05811;817;676
2016/2017;Rozzano (MI) Humanitas University;01510;209;312
2016/2017;Salento;07501;6125;10455
2016/2017;Salerno;06501;14932;20427
2016/2017;Sannio;06201;2497;2671
2016/2017;Sassari;09001;4717;8164
2016/2017;Siena;05201;6509;8954
2016/2017;Siena Stranieri;05202;349;1534
2016/2017;Teramo;06701;2566;3537
2016/2017;Torino;00101;26606;41807
2016/2017;Torino Politecnico;00102;22264;8742
2016/2017;Torrevecchia Teatina - Leonardo da Vinci;06902;68;85
2016/2017;Trento;02201;8015;8139
2016/2017;Trieste;03201;6574;8259
2016/2017;Tuscia;05601;4104;3904
2016/2017;Udine;03001;7263;7763
2016/2017;Urbino Carlo Bo;04101;5364;8562
2016/2017;Venezia Cà Foscari;02701;6970;12849
2016/2017;Venezia Iuav;02702;1985;2154
2016/2017;Verona;02301;8336;14775
2015/2016;Aosta;00701;314;804
2015/2016;Bari;07201;17305;29163
2015/2016;Bari Politecnico;07202;6741;3052
2015/2016;Basilicata;07601;2971;3953
2015/2016;Benevento - Giustino Fortunato;06202;465;280
2015/2016;Bergamo;01601;5802;9836
2015/2016;Bologna;03701;34549;43257
2015/2016;Bolzano;02101;956;2072
2015/2016;Bra - Scienze Gastronomiche;00401;155;167
2015/2016;Brescia;01701;7460;6507
2015/2016;Cagliari;09201;10653;15580
2015/2016;Calabria;07801;11141;16034
2015/2016;Camerino;04302;3124;3343
2015/2016;Casamassima - LUM;07203;773;464
2015/2016;Cassino;06001;3555;4270
2015/2016;Castellanza LIUC;01201;1259;692
2015/2016;Catania;08701;18254;26883
2015/2016;Catanzaro;07901;4149;6158
2015/2016;Chieti e Pescara;06901;9237;16520
2015/2016;Enna - KORE;08601;2226;3563
2015/2016;Ferrara;03801;7062;8456
2015/2016;Firenze;04801;20648;29630
2015/2016;Firenze IUL;04804;18;91
2015/2016;Foggia;07101;3522;5747
2015/2016;Genova;01001;14187;17179
2015/2016;Insubria;01202;3998;4878
2015/2016;L'Aquila;06601;7739;10387
2015/2016;Macerata;04301;2852;7129
2015/2016;Marche;04201;8554;7068
2015/2016;Messina;08301;8762;14915
2015/2016;Milano;01501;24899;35501
2015/2016;Milano Bicocca;01509;12393;19693
2015/2016;Milano Bocconi;01503;6960;6285
2015/2016;Milano Cattolica;01504;13097;23393
2015/2016;Milano IULM;01505;1351;3313
2015/2016;Milano Politecnico;01502;27370;13412
2015/2016;Milano San Raffaele;01508;950;1375
2015/2016;Modena e Reggio Emilia;03601;9809;11014
2015/2016;Molise;07001;2858;4095
2015/2016;Napoli Benincasa;06304;1159;6952
2015/2016;Napoli Federico II;06301;34570;43388
2015/2016;Napoli II;06306;10839;15089
2015/2016;Napoli L'Orientale;06303;2368;8312
2015/2016;Napoli Parthenope;06302;7690;6122
2015/2016;Napoli Pegaso;06307;8299;4960
2015/2016;Novedrate e-Campus;01301;4013;3850
2015/2016;Padova;02801;26930;31559
2015/2016;Palermo;08201;16561;23618
2015/2016;Parma;03401;10150;12911
2015/2016;Pavia;01801;9375;11697
2015/2016;Perugia;05401;9495;12033
2015/2016;Perugia Stranieri;05403;365;527
2015/2016;Piemonte Orientale;00201;4208;6559
2015/2016;Pisa;05001;21831;23211
2015/2016;Reggio Calabria;08001;3100;3167
2015/2016;Reggio Calabria - Dante Alighieri;08003;161;801
2015/2016;Roma - Link Campus;05817;1200;549
2015/2016;Roma  Mercatorum;05814;171;112
2015/2016;Roma Biomedico;05808;665;1015
2015/2016;Roma Europea;05812;300;461
2015/2016;Roma Foro Italico;05806;1612;617
2015/2016;Roma La Sapienza;05801;42362;57496
2015/2016;Roma LUISS;05805;4256;3860
2015/2016;Roma LUMSA;05803;1817;4066
2015/2016;Roma Marconi;05810;5400;4129
2015/2016;Roma San Raffaele;05816;1207;836
2015/2016;Roma Tor Vergata;05802;14453;15216
2015/2016;Roma Tre;05807;13802;20140
2015/2016;Roma UNICUSANO;05815;10365;6897
2015/2016;Roma UNINETTUNO;05813;6076;3744
2015/2016;Roma UNINT;05809;347;1057
2015/2016;Roma UNITELMA;05811;813;676
2015/2016;Rozzano (MI) Humanitas University;01510;130;214
2015/2016;Salento;07501;6291;10690
2015/2016;Salerno;06501;14291;20691
2015/2016;Sannio;06201;2678;2812
2015/2016;Sassari;09001;4567;7891
2015/2016;Siena;05201;6508;8957
2015/2016;Siena Stranieri;05202;318;1316
2015/2016;Teramo;06701;2577;3619
2015/2016;Torino;00101;25622;40719
2015/2016;Torino Politecnico;00102;21811;8689
2015/2016;Torrevecchia Teatina - Leonardo da Vinci;06902;55;80
2015/2016;Trento;02201;7968;8266
2015/2016;Trieste;03201;6577;8486
2015/2016;Tuscia;05601;3969;3863
2015/2016;Udine;03001;7207;7665
2015/2016;Urbino Carlo Bo;04101;5374;8482
2015/2016;Venezia Cà Foscari;02701;6955;12813
2015/2016;Venezia Iuav;02702;2079;2181
2015/2016;Verona;02301;8084;14593
2014/2015;Aosta;00701;316;836
2014/2015;Bari;07201;17820;30701
2014/2015;Bari Politecnico;07202;7024;3269
2014/2015;Basilicata;07601;3019;4195
2014/2015;Benevento - Giustino Fortunato;06202;385;241
2014/2015;Bergamo;01601;5537;9323
2014/2015;Bologna;03701;33877;43044
2014/2015;Bolzano;02101;899;1859
2014/2015;Bra - Scienze Gastronomiche;00401;131;164
2014/2015;Brescia;01701;7494;6651
2014/2015;Cagliari;09201;10689;15973
2014/2015;Calabria;07801;11712;16915
2014/2015;Camerino;04302;3237;3446
2014/2015;Casamassima - LUM;07203;750;497
2014/2015;Cassino;06001;3682;4507
2014/2015;Castellanza LIUC;01201;1143;674
2014/2015;Catania;08701;18557;28208
2014/2015;Catanzaro;07901;4199;6546
2014/2015;Chieti e Pescara;06901;9709;17651
2014/2015;Enna - KORE;08601;2357;3601
2014/2015;Ferrara;03801;7032;8618
2014/2015;Firenze;04801;20987;30156
2014/2015;Firenze IUL;04804;5;35
2014/2015;Foggia;07101;3470;6055
2014/2015;Genova;01001;14465;17776
2014/2015;Insubria;01202;3895;4971
2014/2015;L'Aquila;06601;9106;12130
2014/2015;Macerata;04301;2813;6916
2014/2015;Marche;04201;8615;7114
2014/2015;Messina;08301;9262;16269
2014/2015;Milano;01501;25082;35596
2014/2015;Milano Bicocca;01509;12329;19824
2014/2015;Milano Bocconi;01503;6880;6449
2014/2015;Milano Cattolica;01504;13023;23401
2014/2015;Milano IULM;01505;1269;3049
2014/2015;Milano Politecnico;01502;26744;13335
2014/2015;Milano San Raffaele;01508;866;1259
2014/2015;Modena e Reggio Emilia;03601;9120;10576
2014/2015;Molise;07001;2884;4136
2014/2015;Napoli Benincasa;06304;1161;6821
2014/2015;Napoli Federico II;06301;35362;45269
2014/2015;Napoli II;06306;10918;15421
2014/2015;Napoli L'Orientale;06303;2347;8110
2014/2015;Napoli Parthenope;06302;8127;6519
2014/2015;Napoli Pegaso;06307;6936;3869
2014/2015;Novedrate e-Campus;01301;3977;3687
2014/2015;Padova;02801;26719;31740
2014/2015;Palermo;08201;17419;25039
2014/2015;Parma;03401;10154;13205
2014/2015;Pavia;01801;9459;11812
2014/2015;Perugia;05401;9749;12586
2014/2015;Perugia Stranieri;05403;359;630
2014/2015;Piemonte Orientale;00201;4067;6332
2014/2015;Pisa;05001;22026;23314
2014/2015;Reggio Calabria;08001;3371;3437
2014/2015;Reggio Calabria - Dante Alighieri;08003;156;748
2014/2015;Roma - Link Campus;05817;929;484
2014/2015;Roma  Mercatorum;05814;161;103
2014/2015;Roma Biomedico;05808;659;982
2014/2015;Roma Europea;05812;311;495
2014/2015;Roma Foro Italico;05806;1556;650
2014/2015;Roma La Sapienza;05801;43104;59390
2014/2015;Roma LUISS;05805;3914;3790
2014/2015;Roma LUMSA;05803;1903;3984
2014/2015;Roma Marconi;05810;5005;3477
2014/2015;Roma San Raffaele;05816;858;532
2014/2015;Roma Tor Vergata;05802;14803;15484
2014/2015;Roma Tre;05807;14295;20534
2014/2015;Roma UNICUSANO;05815;8585;5670
2014/2015;Roma UNINETTUNO;05813;5713;3529
2014/2015;Roma UNINT;05809;331;965
2014/2015;Roma UNITELMA;05811;838;742
2014/2015;Rozzano (MI) Humanitas University;01510;47;94
2014/2015;Salento;07501;6531;11377
2014/2015;Salerno;06501;13981;20952
2014/2015;Sannio;06201;2760;3049
2014/2015;Sassari;09001;4590;8260
2014/2015;Siena;05201;6507;9106
2014/2015;Siena Stranieri;05202;267;1128
2014/2015;Teramo;06701;2604;3723
2014/2015;Torino;00101;25312;40729
2014/2015;Torino Politecnico;00102;21193;8433
2014/2015;Torrevecchia Teatina - Leonardo da Vinci;06902;83;124
2014/2015;Trento;02201;8171;8383
2014/2015;Trieste;03201;6764;8809
2014/2015;Tuscia;05601;3866;3740
2014/2015;Udine;03001;7147;7801
2014/2015;Urbino Carlo Bo;04101;5415;8558
2014/2015;Venezia Cà Foscari;02701;6789;12393
2014/2015;Venezia Iuav;02702;2240;2272
2014/2015;Verona;02301;7833;14197
2013/2014;Aosta;00701;325;836
2013/2014;Bari;07201;18049;32109
2013/2014;Bari Politecnico;07202;7319;3389
2013/2014;Basilicata;07601;3212;4233
2013/2014;Benevento - Giustino Fortunato;06202;350;194
2013/2014;Bergamo;01601;5359;9017
2013/2014;Bologna;03701;34115;43530
2013/2014;Bolzano;02101;829;1823
2013/2014;Bra - Scienze Gastronomiche;00401;119;145
2013/2014;Brescia;01701;7490;6714
2013/2014;Cagliari;09201;11050;16764
2013/2014;Calabria;07801;12360;18140
2013/2014;Camerino;04302;3355;3555
2013/2014;Casamassima - LUM;07203;782;518
2013/2014;Cassino;06001;3851;4770
2013/2014;Castellanza LIUC;01201;1092;666
2013/2014;Catania;08701;19431;30239
2013/2014;Catanzaro;07901;4061;6379
2013/2014;Chieti e Pescara;06901;10055;18529
2013/2014;Enna - KORE;08601;2443;3583
2013/2014;Ferrara;03801;7174;8739
2013/2014;Firenze;04801;20802;29676
2013/2014;Firenze IUL;04804;3;18
2013/2014;Foggia;07101;3503;6116
2013/2014;Genova;01001;14604;18107
2013/2014;Insubria;01202;3747;4785
2013/2014;L'Aquila;06601;10524;13512
2013/2014;Macerata;04301;2897;6933
2013/2014;Marche;04201;8676;6992
2013/2014;Messina;08301;9673;16939
2013/2014;Milano;01501;24829;35541
2013/2014;Milano Bicocca;01509;12244;19930
2013/2014;Milano Bocconi;01503;6920;6649
2013/2014;Milano Cattolica;01504;13044;23743
2013/2014;Milano IULM;01505;1264;2935
2013/2014;Milano Politecnico;01502;26508;13296
2013/2014;Milano San Raffaele;01508;855;1146
2013/2014;Modena e Reggio Emilia;03601;8924;10627
2013/2014;Molise;07001;2995;4328
2013/2014;Napoli Benincasa;06304;1195;6885
2013/2014;Napoli Federico II;06301;35749;46399
2013/2014;Napoli II;06306;11138;15541
2013/2014;Napoli L'Orientale;06303;2299;8185
2013/2014;Napoli Parthenope;06302;8655;6847
2013/2014;Napoli Pegaso;06307;5862;3055
2013/2014;Novedrate e-Campus;01301;3590;3134
2013/2014;Padova;02801;26218;32148
2013/2014;Palermo;08201;17949;26207
2013/2014;Parma;03401;10792;14143
2013/2014;Pavia;01801;9652;11885
2013/2014;Perugia;05401;9956;12939
2013/2014;Perugia Stranieri;05403;392;708
2013/2014;Piemonte Orientale;00201;3961;6133
2013/2014;Pisa;05001;21730;23404
2013/2014;Reggio Calabria;08001;3780;3871
2013/2014;Reggio Calabria - Dante Alighieri;08003;120;645
2013/2014;Roma - Link Campus;05817;787;400
2013/2014;Roma  Mercatorum;05814;160;91
2013/2014;Roma Biomedico;05808;626;941
2013/2014;Roma Europea;05812;340;547
2013/2014;Roma Foro Italico;05806;1524;683
2013/2014;Roma La Sapienza;05801;42982;60569
2013/2014;Roma LUISS;05805;3736;3887
2013/2014;Roma LUMSA;05803;1953;4080
2013/2014;Roma Marconi;05810;7891;4382
2013/2014;Roma San Raffaele;05816;609;356
2013/2014;Roma Tor Vergata;05802;15121;15474
2013/2014;Roma Tre;05807;14418;20989
2013/2014;Roma UNICUSANO;05815;7327;4610
2013/2014;Roma UNINETTUNO;05813;5279;3315
2013/2014;Roma UNINT;05809;365;833
2013/2014;Roma UNITELMA;05811;892;787
2013/2014;Salento;07501;6693;12186
2013/2014;Salerno;06501;13680;21332
2013/2014;Sannio;06201;2969;3227
2013/2014;Sassari;09001;4750;8582
2013/2014;Siena;05201;6494;9287
2013/2014;Siena Stranieri;05202;211;925
2013/2014;Teramo;06701;2758;3931
2013/2014;Torino;00101;24936;40539
2013/2014;Torino Politecnico;00102;20599;8207
2013/2014;Torrevecchia Teatina - Leonardo da Vinci;06902;132;158
2013/2014;Trento;02201;8173;8360
2013/2014;Trieste;03201;7193;9352
2013/2014;Tuscia;05601;3756;3681
2013/2014;Udine;03001;7112;8085
2013/2014;Urbino Carlo Bo;04101;5420;8548
2013/2014;Venezia Cà Foscari;02701;6798;12585
2013/2014;Venezia Iuav;02702;2408;2317
2013/2014;Verona;02301;7760;14185
2012/2013;Aosta;00701;334;873
2012/2013;Bari;07201;18414;33497
2012/2013;Bari Politecnico;07202;7667;3519
2012/2013;Basilicata;07601;3479;4451
2012/2013;Benevento - Giustino Fortunato;06202;303;183
2012/2013;Bergamo;01601;5453;9081
2012/2013;Bologna;03701;34260;44341
2012/2013;Bolzano;02101;859;1900
2012/2013;Bra - Scienze Gastronomiche;00401;126;142
2012/2013;Brescia;01701;7546;6668
2012/2013;Cagliari;09201;11420;17553
2012/2013;Calabria;07801;12767;18836
2012/2013;Camerino;04302;3587;3708
2012/2013;Casamassima - LUM;07203;816;491
2012/2013;Cassino;06001;4080;5049
2012/2013;Castellanza LIUC;01201;1108;653
2012/2013;Catania;08701;20294;32297
2012/2013;Catanzaro;07901;3893;6159
2012/2013;Chieti e Pescara;06901;10436;19518
2012/2013;Enna - KORE;08601;2483;3509
2012/2013;Ferrara;03801;7400;9262
2012/2013;Firenze;04801;21289;30477
2012/2013;Firenze IUL;04804;5;19
2012/2013;Foggia;07101;3731;6293
2012/2013;Genova;01001;14932;18947
2012/2013;Insubria;01202;3817;4815
2012/2013;L'Aquila;06601;10809;13538
2012/2013;Macerata;04301;3040;7244
2012/2013;Marche;04201;8843;7032
2012/2013;Messina;08301;10583;18401
2012/2013;Milano;01501;24600;35359
2012/2013;Milano Bicocca;01509;12277;20252
2012/2013;Milano Bocconi;01503;6868;6558
2012/2013;Milano Cattolica;01504;13290;24484
2012/2013;Milano IULM;01505;1276;2970
2012/2013;Milano Politecnico;01502;26007;13077
2012/2013;Milano San Raffaele;01508;837;1153
2012/2013;Modena e Reggio Emilia;03601;8782;10386
2012/2013;Molise;07001;3102;4386
2012/2013;Napoli Benincasa;06304;1356;7673
2012/2013;Napoli Federico II;06301;36672;48001
2012/2013;Napoli II;06306;11805;16404
2012/2013;Napoli L'Orientale;06303;2290;8109
2012/2013;Napoli Parthenope;06302;8780;7060
2012/2013;Napoli Pegaso;06307;2910;1810
2012/2013;Novedrate e-Campus;01301;3395;2758
2012/2013;Padova;02801;26308;33051
2012/2013;Palermo;08201;18581;27785
2012/2013;Parma;03401;11457;15023
2012/2013;Pavia;01801;9668;12206
2012/2013;Perugia;05401;10751;14164
2012/2013;Perugia Stranieri;05403;449;775
2012/2013;Piemonte Orientale;00201;3914;6085
2012/2013;Pisa;05001;21666;23525
2012/2013;Reggio Calabria;08001;4219;4295
2012/2013;Reggio Calabria - Dante Alighieri;08003;114;577
2012/2013;Roma  Mercatorum;05814;137;63
2012/2013;Roma Biomedico;05808;618;920
2012/2013;Roma Europea;05812;371;569
2012/2013;Roma Foro Italico;05806;1486;662
2012/2013;Roma La Sapienza;05801;44883;64327
2012/2013;Roma LUISS;05805;3728;4025
2012/2013;Roma LUMSA;05803;2050;4308
2012/2013;Roma Marconi;05810;7448;3875
2012/2013;Roma San Raffaele;05816;551;291
2012/2013;Roma Tor Vergata;05802;15104;15966
2012/2013;Roma Tre;05807;14470;21284
2012/2013;Roma UNICUSANO;05815;7410;4091
2012/2013;Roma UNINETTUNO;05813;4914;3107
2012/2013;Roma UNINT;05809;405;803
2012/2013;Roma UNITELMA;05811;913;821
2012/2013;Salento;07501;6988;13222
2012/2013;Salerno;06501;13849;21978
2012/2013;Sannio;06201;3003;3267
2012/2013;Sassari;09001;4908;9076
2012/2013;Siena;05201;6745;9632
2012/2013;Siena Stranieri;05202;165;787
2012/2013;Teramo;06701;3011;4078
2012/2013;Torino;00101;24892;40819
2012/2013;Torino Politecnico;00102;19854;7940
2012/2013;Torrevecchia Teatina - Leonardo da Vinci;06902;142;184
2012/2013;Trento;02201;8077;8473
2012/2013;Trieste;03201;7528;9833
2012/2013;Tuscia;05601;3656;3584
2012/2013;Udine;03001;7263;8361
2012/2013;Urbino Carlo Bo;04101;5596;8854
2012/2013;Venezia Cà Foscari;02701;6490;12207
2012/2013;Venezia Iuav;02702;2679;2500
2012/2013;Verona;02301;7987;14638
2011/2012;Aosta;00701;308;908
2011/2012;Bari;07201;19187;35692
2011/2012;Bari Politecnico;07202;8161;3656
2011/2012;Basilicata;07601;3704;4674
2011/2012;Benevento - Giustino Fortunato;06202;327;161
2011/2012;Bergamo;01601;5642;9210
2011/2012;Bologna;03701;34862;45213
2011/2012;Bolzano;02101;846;1984
2011/2012;Bra - Scienze Gastronomiche;00401;125;129
2011/2012;Brescia;01701;7568;6751
2011/2012;Cagliari;09201;12015;18889
2011/2012;Calabria;07801;13297;19583
2011/2012;Camerino;04302;3816;3780
2011/2012;Casamassima - LUM;07203;812;480
2011/2012;Cassino;06001;4497;5665
2011/2012;Castellanza LIUC;01201;1208;628
2011/2012;Catania;08701;20854;33117
2011/2012;Catanzaro;07901;3912;6274
2011/2012;Chieti e Pescara;06901;11147;20653
2011/2012;Enna - KORE;08601;2521;3631
2011/2012;Ferrara;03801;7744;9776
2011/2012;Firenze;04801;22377;31603
2011/2012;Firenze IUL;04804;6;21
2011/2012;Foggia;07101;3854;6618
2011/2012;Genova;01001;15768;20353
2011/2012;Insubria;01202;3947;5059
2011/2012;L'Aquila;06601;10842;13219
2011/2012;Macerata;04301;3229;7778
2011/2012;Marche;04201;9202;7031
2011/2012;Messina;08301;11433;19715
2011/2012;Milano;01501;24786;35546
2011/2012;Milano Bicocca;01509;12134;20315
2011/2012;Milano Bocconi;01503;6856;6446
2011/2012;Milano Cattolica;01504;13341;24682
2011/2012;Milano IULM;01505;1344;3042
2011/2012;Milano Politecnico;01502;25766;12954
2011/2012;Milano San Raffaele;01508;799;1171
2011/2012;Modena e Reggio Emilia;03601;8851;10538
2011/2012;Molise;07001;3173;4599
2011/2012;Napoli Benincasa;06304;1469;8322
2011/2012;Napoli Federico II;06301;38015;49576
2011/2012;Napoli II;06306;12160;16820
2011/2012;Napoli L'Orientale;06303;2228;8006
2011/2012;Napoli Parthenope;06302;9071;7298
2011/2012;Napoli Pegaso;06307;2269;1416
2011/2012;Novedrate e-Campus;01301;3862;2889
2011/2012;Padova;02801;26669;34008
2011/2012;Palermo;08201;19773;29593
2011/2012;Parma;03401;12652;16199
2011/2012;Pavia;01801;9746;12193
2011/2012;Perugia;05401;11264;14692
2011/2012;Perugia Stranieri;05403;474;826
2011/2012;Piemonte Orientale;00201;3894;5873
2011/2012;Pisa;05001;21982;24243
2011/2012;Reggio Calabria;08001;4662;4677
2011/2012;Reggio Calabria - Dante Alighieri;08003;80;447
2011/2012;Roma  Mercatorum;05814;144;69
2011/2012;Roma Biomedico;05808;599;862
2011/2012;Roma Europea;05812;359;550
2011/2012;Roma Foro Italico;05806;1434;683
2011/2012;Roma La Sapienza;05801;47055;68695
2011/2012;Roma LUISS;05805;3696;4103
2011/2012;Roma LUMSA;05803;2152;4469
2011/2012;Roma Marconi;05810;7144;3449
2011/2012;Roma San Raffaele;05816;285;154
2011/2012;Roma Tor Vergata;05802;15193;16619
2011/2012;Roma Tre;05807;15021;22040
2011/2012;Roma UNICUSANO;05815;6539;3526
2011/2012;Roma UNINETTUNO;05813;3640;2277
2011/2012;Roma UNINT;05809;430;848
2011/2012;Roma UNITELMA;05811;944;727
2011/2012;Salento;07501;7578;14558
2011/2012;Salerno;06501;14217;22627
2011/2012;Sannio;06201;3247;3490
2011/2012;Sassari;09001;5077;9516
2011/2012;Siena;05201;7225;10581
2011/2012;Siena Stranieri;05202;126;650
2011/2012;Teramo;06701;3318;4538
2011/2012;Torino;00101;25125;41146
2011/2012;Torino Politecnico;00102;19881;7766
2011/2012;Torrevecchia Teatina - Leonardo da Vinci;06902;144;206
2011/2012;Trento;02201;8152;8619
2011/2012;Trieste;03201;8052;10798
2011/2012;Tuscia;05601;4315;3696
2011/2012;Udine;03001;7415;8615
2011/2012;Urbino Carlo Bo;04101;5723;9320
2011/2012;Venezia Cà Foscari;02701;6421;11892
2011/2012;Venezia Iuav;02702;2900;2732
2011/2012;Verona;02301;7964;14976
2010/2011;Aosta;00701;305;939
2010/2011;Bari;07201;20134;37392
2010/2011;Bari Politecnico;07202;8620;3804
2010/2011;Basilicata;07601;3723;4783
2010/2011;Benevento - Giustino Fortunato;06202;382;175
2010/2011;Bergamo;01601;5759;9276
2010/2011;Bologna;03701;34923;45138
2010/2011;Bolzano;02101;890;2299
2010/2011;Bra - Scienze Gastronomiche;00401;140;109
2010/2011;Brescia;01701;7747;6688
2010/2011;Cagliari;09201;12721;20262
2010/2011;Calabria;07801;13896;20262
2010/2011;Camerino;04302;3965;3809
2010/2011;Casamassima - LUM;07203;826;520
2010/2011;Cassino;06001;4675;6008
2010/2011;Castellanza LIUC;01201;1221;610
2010/2011;Catania;08701;22413;35349
2010/2011;Catanzaro;07901;4267;6704
2010/2011;Chieti e Pescara;06901;11550;20851
2010/2011;Enna - KORE;08601;2500;3729
2010/2011;Ferrara;03801;7984;10024
2010/2011;Firenze;04801;23598;32886
2010/2011;Firenze IUL;04804;4;15
2010/2011;Foggia;07101;4054;6914
2010/2011;Genova;01001;16051;21025
2010/2011;Insubria;01202;4162;5215
2010/2011;L'Aquila;06601;10680;12813
2010/2011;Macerata;04301;3486;8120
2010/2011;Marche;04201;9345;7271
2010/2011;Messina;08301;11950;20499
2010/2011;Milano;01501;24947;35511
2010/2011;Milano Bicocca;01509;11961;19763
2010/2011;Milano Bocconi;01503;6937;6335
2010/2011;Milano Cattolica;01504;13650;25461
2010/2011;Milano IULM;01505;1348;3110
2010/2011;Milano Politecnico;01502;25559;12700
2010/2011;Milano San Raffaele;01508;743;1209
2010/2011;Modena e Reggio Emilia;03601;8855;10616
2010/2011;Molise;07001;3405;4669
2010/2011;Napoli Benincasa;06304;1650;8821
2010/2011;Napoli Federico II;06301;38434;49727
2010/2011;Napoli II;06306;12653;17161
2010/2011;Napoli L'Orientale;06303;2346;8185
2010/2011;Napoli Parthenope;06302;9705;7726
2010/2011;Napoli Pegaso;06307;4173;1750
2010/2011;Novedrate e-Campus;01301;3726;2485
2010/2011;Padova;02801;27106;34455
2010/2011;Palermo;08201;21281;31625
2010/2011;Parma;03401;13411;17170
2010/2011;Pavia;01801;10055;12552
2010/2011;Perugia;05401;11958;15649
2010/2011;Perugia Stranieri;05403;601;875
2010/2011;Piemonte Orientale;00201;3747;5939
2010/2011;Pisa;05001;22258;24330
2010/2011;Reggio Calabria;08001;4924;4908
2010/2011;Reggio Calabria - Dante Alighieri;08003;71;285
2010/2011;Roma  Mercatorum;05814;146;86
2010/2011;Roma Biomedico;05808;559;779
2010/2011;Roma Europea;05812;338;500
2010/2011;Roma Foro Italico;05806;1349;634
2010/2011;Roma La Sapienza;05801;49932;72915
2010/2011;Roma LUISS;05805;3577;4142
2010/2011;Roma LUMSA;05803;2225;4513
2010/2011;Roma Marconi;05810;7142;3029
2010/2011;Roma San Raffaele;05816;205;121
2010/2011;Roma Tor Vergata;05802;14951;16957
2010/2011;Roma Tre;05807;15543;22471
2010/2011;Roma UNICUSANO;05815;6202;3015
2010/2011;Roma UNINETTUNO;05813;3203;2014
2010/2011;Roma UNINT;05809;504;851
2010/2011;Roma UNITELMA;05811;785;585
2010/2011;Salento;07501;8153;15738
2010/2011;Salerno;06501;14584;22789
2010/2011;Sannio;06201;3416;3660
2010/2011;Sassari;09001;5248;9963
2010/2011;Siena;05201;7219;10381
2010/2011;Siena Stranieri;05202;122;559
2010/2011;Teramo;06701;3603;4700
2010/2011;Torino;00101;25079;41486
2010/2011;Torino Politecnico;00102;18748;7390
2010/2011;Torrevecchia Teatina - Leonardo da Vinci;06902;157;222
2010/2011;Trento;02201;7937;8486
2010/2011;Trieste;03201;8290;11057
2010/2011;Tuscia;05601;5103;3868
2010/2011;Udine;03001;7758;8816
2010/2011;Urbino Carlo Bo;04101;5687;9451
2010/2011;Venezia Cà Foscari;02701;6455;11510
2010/2011;Venezia Iuav;02702;3119;2917
2010/2011;Verona;02301;8259;15428
