AnnoA;IstatP;ResidenzaP;Isc_M;Isc_F
2020/2021;001;TORINO;28234;34863
2020/2021;002;VERCELLI;1604;2209
2020/2021;003;NOVARA;3582;4779
2020/2021;004;CUNEO;5530;7782
2020/2021;005;ASTI;2081;2821
2020/2021;006;ALESSANDRIA;3981;5334
2020/2021;007;AOSTA;1327;1828
2020/2021;008;IMPERIA;1848;2359
2020/2021;009;SAVONA;2710;3751
2020/2021;010;GENOVA;10446;13074
2020/2021;011;LA SPEZIA;2543;3278
2020/2021;012;VARESE;8757;11452
2020/2021;013;COMO;5700;7596
2020/2021;014;SONDRIO;1423;2008
2020/2021;015;MILANO;36760;44892
2020/2021;016;BERGAMO;11747;16160
2020/2021;017;BRESCIA;12013;16487
2020/2021;018;PAVIA;5312;7007
2020/2021;019;CREMONA;3430;4622
2020/2021;020;MANTOVA;3416;4583
2020/2021;021;BOLZANO;2236;3737
2020/2021;022;TRENTO;5928;8045
2020/2021;023;VERONA;10048;12396
2020/2021;024;VICENZA;9538;12080
2020/2021;025;BELLUNO;1918;2522
2020/2021;026;TREVISO;10054;11857
2020/2021;027;VENEZIA;9089;10852
2020/2021;028;PADOVA;12026;14651
2020/2021;029;ROVIGO;2284;2970
2020/2021;030;UDINE;5839;7344
2020/2021;031;GORIZIA;1467;1755
2020/2021;032;TRIESTE;2681;3219
2020/2021;033;PIACENZA;2749;3727
2020/2021;034;PARMA;5801;7567
2020/2021;035;REGGIO EMILIA;5302;7176
2020/2021;036;MODENA;7382;9511
2020/2021;037;BOLOGNA;11480;14617
2020/2021;038;FERRARA;3547;4226
2020/2021;039;RAVENNA;3491;4742
2020/2021;040;FORLI'-CESENA;4002;5165
2020/2021;041;PESARO E URBINO;4297;5789
2020/2021;042;ANCONA;6174;7889
2020/2021;043;MACERATA;3953;5175
2020/2021;044;ASCOLI PICENO;3010;3784
2020/2021;045;MASSA CARRARA;2294;2968
2020/2021;046;LUCCA;4574;6135
2020/2021;047;PISTOIA;3202;4357
2020/2021;048;FIRENZE;12786;16130
2020/2021;049;LIVORNO;3726;4774
2020/2021;050;PISA;5874;7345
2020/2021;051;AREZZO;3817;5170
2020/2021;052;SIENA;3289;4071
2020/2021;053;GROSSETO;2181;2919
2020/2021;054;PERUGIA;8243;11186
2020/2021;055;TERNI;2818;3512
2020/2021;056;VITERBO;3650;4933
2020/2021;057;RIETI;2034;2653
2020/2021;058;ROMA;62829;78429
2020/2021;059;LATINA;7244;9904
2020/2021;060;FROSINONE;6332;8625
2020/2021;061;CASERTA;13145;19131
2020/2021;062;BENEVENTO;4170;5759
2020/2021;063;NAPOLI;42063;53958
2020/2021;064;AVELLINO;6567;8941
2020/2021;065;SALERNO;16377;21436
2020/2021;066;L'AQUILA;5033;6465
2020/2021;067;TERAMO;4459;5932
2020/2021;068;PESCARA;4693;5945
2020/2021;069;CHIETI;5482;7364
2020/2021;070;CAMPOBASSO;3332;4525
2020/2021;071;FOGGIA;8602;11823
2020/2021;072;BARI;17840;22602
2020/2021;073;TARANTO;7370;9562
2020/2021;074;BRINDISI;4837;6635
2020/2021;075;LECCE;11571;15065
2020/2021;076;POTENZA;5785;7779
2020/2021;077;MATERA;3056;3975
2020/2021;078;COSENZA;9397;13469
2020/2021;079;CATANZARO;5406;7723
2020/2021;080;REGGIO CALABRIA;7623;11319
2020/2021;081;TRAPANI;5057;6973
2020/2021;082;PALERMO;15460;19740
2020/2021;083;MESSINA;8488;11651
2020/2021;084;AGRIGENTO;5659;8160
2020/2021;085;CALTANISSETTA;3524;4948
2020/2021;086;ENNA;2062;3160
2020/2021;087;CATANIA;14611;19312
2020/2021;088;RAGUSA;3700;4980
2020/2021;089;SIRACUSA;4717;6240
2020/2021;090;SASSARI;5759;8217
2020/2021;091;NUORO;2609;4215
2020/2021;092;CAGLIARI;5909;7750
2020/2021;093;PORDENONE;3192;4093
2020/2021;094;ISERNIA;1149;1566
2020/2021;095;ORISTANO;1842;2749
2020/2021;096;BIELLA;1653;2197
2020/2021;097;LECCO;3521;4861
2020/2021;098;LODI;2208;2997
2020/2021;099;RIMINI;3523;4731
2020/2021;100;PRATO;2627;3547
2020/2021;101;CROTONE;2387;3321
2020/2021;102;VIBO VALENTIA;2300;3324
2020/2021;103;VERBANO CUSIO OSSOLA;1252;1844
2020/2021;108;MONZA E BRIANZA;9514;12010
2020/2021;109;FERMO;2283;2872
2020/2021;110;BARLETTA - ANDRIA - TRANI;5105;7103
2020/2021;111;SUD SARDEGNA;3548;5515
2020/2021;998;PROVINCIA ESTERA;19337;19539
2020/2021;999;PROVINCIA NON DEFINITA;275;354
2019/2020;001;TORINO;27581;32868
2019/2020;002;VERCELLI;1606;2157
2019/2020;003;NOVARA;3534;4764
2019/2020;004;CUNEO;5498;7358
2019/2020;005;ASTI;2004;2640
2019/2020;006;ALESSANDRIA;3967;5132
2019/2020;007;AOSTA;1321;1773
2019/2020;008;IMPERIA;1882;2343
2019/2020;009;SAVONA;2688;3545
2019/2020;010;GENOVA;10292;12579
2019/2020;011;LA SPEZIA;2431;3029
2019/2020;012;VARESE;8974;11079
2019/2020;013;COMO;5782;7478
2019/2020;014;SONDRIO;1470;1950
2019/2020;015;MILANO;37728;44128
2019/2020;016;BERGAMO;11536;15367
2019/2020;017;BRESCIA;12176;15879
2019/2020;018;PAVIA;5489;6983
2019/2020;019;CREMONA;3476;4508
2019/2020;020;MANTOVA;3476;4557
2019/2020;021;BOLZANO;2339;3632
2019/2020;022;TRENTO;6112;8081
2019/2020;023;VERONA;10284;12087
2019/2020;024;VICENZA;9393;11606
2019/2020;025;BELLUNO;1967;2543
2019/2020;026;TREVISO;9795;11443
2019/2020;027;VENEZIA;9014;10562
2019/2020;028;PADOVA;11775;13886
2019/2020;029;ROVIGO;2273;2979
2019/2020;030;UDINE;5972;7225
2019/2020;031;GORIZIA;1527;1682
2019/2020;032;TRIESTE;2760;3273
2019/2020;033;PIACENZA;2769;3621
2019/2020;034;PARMA;5755;7235
2019/2020;035;REGGIO EMILIA;5023;6901
2019/2020;036;MODENA;7318;9160
2019/2020;037;BOLOGNA;11636;14325
2019/2020;038;FERRARA;3481;4109
2019/2020;039;RAVENNA;3479;4554
2019/2020;040;FORLI'-CESENA;3921;4968
2019/2020;041;PESARO E URBINO;4283;5491
2019/2020;042;ANCONA;6326;7813
2019/2020;043;MACERATA;4043;5254
2019/2020;044;ASCOLI PICENO;3161;3813
2019/2020;045;MASSA CARRARA;2238;2851
2019/2020;046;LUCCA;4308;5669
2019/2020;047;PISTOIA;3140;4064
2019/2020;048;FIRENZE;12377;15087
2019/2020;049;LIVORNO;3579;4398
2019/2020;050;PISA;5638;6891
2019/2020;051;AREZZO;3684;4836
2019/2020;052;SIENA;3310;3963
2019/2020;053;GROSSETO;2220;2814
2019/2020;054;PERUGIA;8155;10662
2019/2020;055;TERNI;2832;3462
2019/2020;056;VITERBO;3839;4885
2019/2020;057;RIETI;2147;2799
2019/2020;058;ROMA;67436;80586
2019/2020;059;LATINA;8014;10124
2019/2020;060;FROSINONE;6750;8953
2019/2020;061;CASERTA;15425;20360
2019/2020;062;BENEVENTO;4708;6104
2019/2020;063;NAPOLI;47245;57974
2019/2020;064;AVELLINO;7635;9681
2019/2020;065;SALERNO;18414;22988
2019/2020;066;L'AQUILA;5496;6683
2019/2020;067;TERAMO;4505;5880
2019/2020;068;PESCARA;4765;5841
2019/2020;069;CHIETI;5577;7336
2019/2020;070;CAMPOBASSO;3548;4548
2019/2020;071;FOGGIA;8838;11850
2019/2020;072;BARI;18633;23076
2019/2020;073;TARANTO;7905;9923
2019/2020;074;BRINDISI;4994;6805
2019/2020;075;LECCE;11808;15177
2019/2020;076;POTENZA;6128;8064
2019/2020;077;MATERA;3181;4042
2019/2020;078;COSENZA;10443;14210
2019/2020;079;CATANZARO;5928;8054
2019/2020;080;REGGIO CALABRIA;8615;12161
2019/2020;081;TRAPANI;5766;7504
2019/2020;082;PALERMO;17280;20914
2019/2020;083;MESSINA;9344;12137
2019/2020;084;AGRIGENTO;6324;8652
2019/2020;085;CALTANISSETTA;4240;5381
2019/2020;086;ENNA;2199;3145
2019/2020;087;CATANIA;15640;19738
2019/2020;088;RAGUSA;3895;4922
2019/2020;089;SIRACUSA;5100;6367
2019/2020;090;SASSARI;5863;7940
2019/2020;091;NUORO;2628;4302
2019/2020;092;CAGLIARI;6160;7717
2019/2020;093;PORDENONE;3210;3968
2019/2020;094;ISERNIA;1272;1621
2019/2020;095;ORISTANO;1905;2694
2019/2020;096;BIELLA;1601;2010
2019/2020;097;LECCO;3599;4588
2019/2020;098;LODI;2185;2990
2019/2020;099;RIMINI;3519;4460
2019/2020;100;PRATO;2546;3235
2019/2020;101;CROTONE;2570;3513
2019/2020;102;VIBO VALENTIA;2464;3395
2019/2020;103;VERBANO CUSIO OSSOLA;1291;1764
2019/2020;108;MONZA E BRIANZA;9754;11811
2019/2020;109;FERMO;2282;2916
2019/2020;110;BARLETTA - ANDRIA - TRANI;5367;7107
2019/2020;111;SUD SARDEGNA;3637;5415
2019/2020;998;PROVINCIA ESTERA;17682;17440
2019/2020;999;PROVINCIA NON DEFINITA;300;355
2018/2019;001;TORINO;26826;31866
2018/2019;002;VERCELLI;1601;2100
2018/2019;003;NOVARA;3448;4601
2018/2019;004;CUNEO;5179;7060
2018/2019;005;ASTI;1903;2528
2018/2019;006;ALESSANDRIA;3920;4931
2018/2019;007;AOSTA;1236;1719
2018/2019;008;IMPERIA;1823;2246
2018/2019;009;SAVONA;2600;3439
2018/2019;010;GENOVA;10172;12235
2018/2019;011;LA SPEZIA;2381;2926
2018/2019;012;VARESE;8771;10558
2018/2019;013;COMO;5714;7187
2018/2019;014;SONDRIO;1413;1830
2018/2019;015;MILANO;36656;42249
2018/2019;016;BERGAMO;11103;14546
2018/2019;017;BRESCIA;11805;15207
2018/2019;018;PAVIA;5432;6677
2018/2019;019;CREMONA;3379;4319
2018/2019;020;MANTOVA;3343;4420
2018/2019;021;BOLZANO;2195;3398
2018/2019;022;TRENTO;5921;7724
2018/2019;023;VERONA;10223;11835
2018/2019;024;VICENZA;9200;11172
2018/2019;025;BELLUNO;1950;2481
2018/2019;026;TREVISO;9549;11098
2018/2019;027;VENEZIA;8789;10213
2018/2019;028;PADOVA;11524;13488
2018/2019;029;ROVIGO;2254;2975
2018/2019;030;UDINE;5824;7001
2018/2019;031;GORIZIA;1498;1662
2018/2019;032;TRIESTE;2689;3164
2018/2019;033;PIACENZA;2721;3497
2018/2019;034;PARMA;5530;6823
2018/2019;035;REGGIO EMILIA;4761;6509
2018/2019;036;MODENA;7110;8711
2018/2019;037;BOLOGNA;11350;14001
2018/2019;038;FERRARA;3458;4067
2018/2019;039;RAVENNA;3269;4453
2018/2019;040;FORLI'-CESENA;3821;4899
2018/2019;041;PESARO E URBINO;4174;5358
2018/2019;042;ANCONA;6222;7598
2018/2019;043;MACERATA;4082;5228
2018/2019;044;ASCOLI PICENO;3086;3784
2018/2019;045;MASSA CARRARA;2206;2825
2018/2019;046;LUCCA;4268;5477
2018/2019;047;PISTOIA;3046;3879
2018/2019;048;FIRENZE;12287;14902
2018/2019;049;LIVORNO;3549;4309
2018/2019;050;PISA;5602;6892
2018/2019;051;AREZZO;3658;4705
2018/2019;052;SIENA;3300;3864
2018/2019;053;GROSSETO;2183;2700
2018/2019;054;PERUGIA;8096;10299
2018/2019;055;TERNI;2791;3304
2018/2019;056;VITERBO;3782;4608
2018/2019;057;RIETI;2086;2747
2018/2019;058;ROMA;67054;79074
2018/2019;059;LATINA;7975;10068
2018/2019;060;FROSINONE;6813;9005
2018/2019;061;CASERTA;15417;20383
2018/2019;062;BENEVENTO;4758;6111
2018/2019;063;NAPOLI;47095;57653
2018/2019;064;AVELLINO;7639;9737
2018/2019;065;SALERNO;18225;23084
2018/2019;066;L'AQUILA;4949;6381
2018/2019;067;TERAMO;4431;5821
2018/2019;068;PESCARA;4669;5776
2018/2019;069;CHIETI;5526;7344
2018/2019;070;CAMPOBASSO;3567;4635
2018/2019;071;FOGGIA;8843;11663
2018/2019;072;BARI;18497;22687
2018/2019;073;TARANTO;7787;9653
2018/2019;074;BRINDISI;5071;6645
2018/2019;075;LECCE;11706;15059
2018/2019;076;POTENZA;6082;8031
2018/2019;077;MATERA;3096;4085
2018/2019;078;COSENZA;10613;14372
2018/2019;079;CATANZARO;5915;7933
2018/2019;080;REGGIO CALABRIA;8766;12074
2018/2019;081;TRAPANI;5570;7364
2018/2019;082;PALERMO;16750;20071
2018/2019;083;MESSINA;9218;11909
2018/2019;084;AGRIGENTO;6242;8457
2018/2019;085;CALTANISSETTA;4179;5397
2018/2019;086;ENNA;2197;3067
2018/2019;087;CATANIA;15683;19630
2018/2019;088;RAGUSA;3859;4911
2018/2019;089;SIRACUSA;5135;6388
2018/2019;090;SASSARI;5781;7908
2018/2019;091;NUORO;2639;4236
2018/2019;092;CAGLIARI;6103;7708
2018/2019;093;PORDENONE;3106;3810
2018/2019;094;ISERNIA;1305;1630
2018/2019;095;ORISTANO;1901;2628
2018/2019;096;BIELLA;1483;1913
2018/2019;097;LECCO;3536;4417
2018/2019;098;LODI;2117;2826
2018/2019;099;RIMINI;3363;4279
2018/2019;100;PRATO;2490;3068
2018/2019;101;CROTONE;2622;3475
2018/2019;102;VIBO VALENTIA;2480;3422
2018/2019;103;VERBANO CUSIO OSSOLA;1265;1648
2018/2019;108;MONZA E BRIANZA;9370;11371
2018/2019;109;FERMO;2273;2868
2018/2019;110;BARLETTA - ANDRIA - TRANI;5209;6825
2018/2019;111;SUD SARDEGNA;3468;5252
2018/2019;998;PROVINCIA ESTERA;16378;15753
2018/2019;999;PROVINCIA NON DEFINITA;371;375
2017/2018;001;TORINO;26428;31232
2017/2018;002;VERCELLI;1611;2067
2017/2018;003;NOVARA;3397;4419
2017/2018;004;CUNEO;5116;6802
2017/2018;005;ASTI;1860;2458
2017/2018;006;ALESSANDRIA;3891;4852
2017/2018;007;AOSTA;1186;1652
2017/2018;008;IMPERIA;1901;2211
2017/2018;009;SAVONA;2706;3497
2017/2018;010;GENOVA;10573;12414
2017/2018;011;LA SPEZIA;2363;2875
2017/2018;012;VARESE;8532;10237
2017/2018;013;COMO;5630;6911
2017/2018;014;SONDRIO;1371;1811
2017/2018;015;MILANO;36122;41456
2017/2018;016;BERGAMO;10814;13935
2017/2018;017;BRESCIA;11634;14682
2017/2018;018;PAVIA;5258;6410
2017/2018;019;CREMONA;3355;4191
2017/2018;020;MANTOVA;3266;4326
2017/2018;021;BOLZANO;2182;3328
2017/2018;022;TRENTO;5795;7591
2017/2018;023;VERONA;10235;11798
2017/2018;024;VICENZA;8957;10978
2017/2018;025;BELLUNO;1889;2435
2017/2018;026;TREVISO;9359;10726
2017/2018;027;VENEZIA;8536;10046
2017/2018;028;PADOVA;11271;13312
2017/2018;029;ROVIGO;2256;2912
2017/2018;030;UDINE;5784;6799
2017/2018;031;GORIZIA;1464;1619
2017/2018;032;TRIESTE;2688;3093
2017/2018;033;PIACENZA;2678;3405
2017/2018;034;PARMA;5398;6308
2017/2018;035;REGGIO EMILIA;4757;6288
2017/2018;036;MODENA;7070;8589
2017/2018;037;BOLOGNA;11248;13608
2017/2018;038;FERRARA;3524;4107
2017/2018;039;RAVENNA;3185;4321
2017/2018;040;FORLI'-CESENA;3710;4734
2017/2018;041;PESARO E URBINO;4048;5252
2017/2018;042;ANCONA;6127;7417
2017/2018;043;MACERATA;3954;5077
2017/2018;044;ASCOLI PICENO;3068;3705
2017/2018;045;MASSA CARRARA;2168;2751
2017/2018;046;LUCCA;4249;5456
2017/2018;047;PISTOIA;2973;3756
2017/2018;048;FIRENZE;12064;14621
2017/2018;049;LIVORNO;3490;4257
2017/2018;050;PISA;5516;6826
2017/2018;051;AREZZO;3605;4682
2017/2018;052;SIENA;3195;3813
2017/2018;053;GROSSETO;2187;2611
2017/2018;054;PERUGIA;7803;10070
2017/2018;055;TERNI;2668;3168
2017/2018;056;VITERBO;3827;4640
2017/2018;057;RIETI;2082;2744
2017/2018;058;ROMA;65531;76964
2017/2018;059;LATINA;7737;9849
2017/2018;060;FROSINONE;6718;8909
2017/2018;061;CASERTA;15065;19986
2017/2018;062;BENEVENTO;4744;6173
2017/2018;063;NAPOLI;46767;57482
2017/2018;064;AVELLINO;7610;9664
2017/2018;065;SALERNO;18266;23168
2017/2018;066;L'AQUILA;5007;6431
2017/2018;067;TERAMO;4398;5859
2017/2018;068;PESCARA;4549;5720
2017/2018;069;CHIETI;5499;7212
2017/2018;070;CAMPOBASSO;3490;4655
2017/2018;071;FOGGIA;8721;11607
2017/2018;072;BARI;18187;22251
2017/2018;073;TARANTO;7640;9432
2017/2018;074;BRINDISI;4869;6523
2017/2018;075;LECCE;11551;14863
2017/2018;076;POTENZA;6074;8110
2017/2018;077;MATERA;3070;4113
2017/2018;078;COSENZA;10707;14543
2017/2018;079;CATANZARO;5881;7666
2017/2018;080;REGGIO CALABRIA;8718;12146
2017/2018;081;TRAPANI;5348;7193
2017/2018;082;PALERMO;16347;19743
2017/2018;083;MESSINA;9149;11811
2017/2018;084;AGRIGENTO;6119;8201
2017/2018;085;CALTANISSETTA;4180;5327
2017/2018;086;ENNA;2218;3139
2017/2018;087;CATANIA;15818;20295
2017/2018;088;RAGUSA;3857;5021
2017/2018;089;SIRACUSA;5070;6496
2017/2018;090;SASSARI;5675;7905
2017/2018;091;NUORO;2695;4262
2017/2018;092;CAGLIARI;6028;7730
2017/2018;093;PORDENONE;3068;3695
2017/2018;094;ISERNIA;1361;1689
2017/2018;095;ORISTANO;1861;2573
2017/2018;096;BIELLA;1468;1882
2017/2018;097;LECCO;3589;4315
2017/2018;098;LODI;2063;2655
2017/2018;099;RIMINI;3301;4124
2017/2018;100;PRATO;2461;3075
2017/2018;101;CROTONE;2583;3418
2017/2018;102;VIBO VALENTIA;2538;3494
2017/2018;103;VERBANO CUSIO OSSOLA;1224;1593
2017/2018;108;MONZA E BRIANZA;9149;11072
2017/2018;109;FERMO;2180;2771
2017/2018;110;BARLETTA - ANDRIA - TRANI;5072;6661
2017/2018;111;SUD SARDEGNA;3408;5281
2017/2018;998;PROVINCIA ESTERA;14956;14217
2017/2018;999;PROVINCIA NON DEFINITA;268;299
2016/2017;001;TORINO;25633;30400
2016/2017;002;VERCELLI;1596;2047
2016/2017;003;NOVARA;3288;4326
2016/2017;004;CUNEO;4881;6549
2016/2017;005;ASTI;1799;2344
2016/2017;006;ALESSANDRIA;3791;4793
2016/2017;007;AOSTA;1172;1635
2016/2017;008;IMPERIA;1786;2180
2016/2017;009;SAVONA;2606;3351
2016/2017;010;GENOVA;10024;12001
2016/2017;011;LA SPEZIA;2374;2856
2016/2017;012;VARESE;8351;9909
2016/2017;013;COMO;5420;6763
2016/2017;014;SONDRIO;1340;1781
2016/2017;015;MILANO;34899;40156
2016/2017;016;BERGAMO;10370;13544
2016/2017;017;BRESCIA;11437;14050
2016/2017;018;PAVIA;5107;6196
2016/2017;019;CREMONA;3267;4070
2016/2017;020;MANTOVA;3205;4167
2016/2017;021;BOLZANO;2131;3252
2016/2017;022;TRENTO;5728;7444
2016/2017;023;VERONA;10037;11688
2016/2017;024;VICENZA;8826;10882
2016/2017;025;BELLUNO;1879;2479
2016/2017;026;TREVISO;9250;10590
2016/2017;027;VENEZIA;8410;9736
2016/2017;028;PADOVA;11142;13226
2016/2017;029;ROVIGO;2207;2843
2016/2017;030;UDINE;5657;6672
2016/2017;031;GORIZIA;1377;1603
2016/2017;032;TRIESTE;2662;3049
2016/2017;033;PIACENZA;2628;3340
2016/2017;034;PARMA;5119;6054
2016/2017;035;REGGIO EMILIA;4562;6106
2016/2017;036;MODENA;6994;8434
2016/2017;037;BOLOGNA;10985;13245
2016/2017;038;FERRARA;3392;3966
2016/2017;039;RAVENNA;3132;4146
2016/2017;040;FORLI'-CESENA;3564;4645
2016/2017;041;PESARO E URBINO;3950;5084
2016/2017;042;ANCONA;6031;7341
2016/2017;043;MACERATA;3971;5062
2016/2017;044;ASCOLI PICENO;3047;3733
2016/2017;045;MASSA CARRARA;2155;2699
2016/2017;046;LUCCA;4223;5344
2016/2017;047;PISTOIA;2886;3675
2016/2017;048;FIRENZE;12007;14481
2016/2017;049;LIVORNO;3472;4196
2016/2017;050;PISA;5520;6962
2016/2017;051;AREZZO;3583;4682
2016/2017;052;SIENA;3195;3782
2016/2017;053;GROSSETO;2089;2542
2016/2017;054;PERUGIA;7779;9903
2016/2017;055;TERNI;2518;3102
2016/2017;056;VITERBO;3774;4604
2016/2017;057;RIETI;2117;2749
2016/2017;058;ROMA;63894;75568
2016/2017;059;LATINA;7627;9802
2016/2017;060;FROSINONE;6792;9081
2016/2017;061;CASERTA;14696;20033
2016/2017;062;BENEVENTO;4799;6217
2016/2017;063;NAPOLI;46533;57636
2016/2017;064;AVELLINO;7536;9783
2016/2017;065;SALERNO;18201;23563
2016/2017;066;L'AQUILA;4991;6583
2016/2017;067;TERAMO;4377;5760
2016/2017;068;PESCARA;4481;5613
2016/2017;069;CHIETI;5445;7251
2016/2017;070;CAMPOBASSO;3546;4618
2016/2017;071;FOGGIA;8717;11375
2016/2017;072;BARI;17889;22079
2016/2017;073;TARANTO;7384;9395
2016/2017;074;BRINDISI;4846;6499
2016/2017;075;LECCE;11364;14817
2016/2017;076;POTENZA;6108;8378
2016/2017;077;MATERA;3078;4132
2016/2017;078;COSENZA;10717;14875
2016/2017;079;CATANZARO;5923;7710
2016/2017;080;REGGIO CALABRIA;8624;12285
2016/2017;081;TRAPANI;5270;7102
2016/2017;082;PALERMO;16101;19715
2016/2017;083;MESSINA;8944;11717
2016/2017;084;AGRIGENTO;6014;8115
2016/2017;085;CALTANISSETTA;4013;5264
2016/2017;086;ENNA;2197;3205
2016/2017;087;CATANIA;15587;20383
2016/2017;088;RAGUSA;3788;5043
2016/2017;089;SIRACUSA;5045;6555
2016/2017;090;SASSARI;5603;7817
2016/2017;091;NUORO;2718;4265
2016/2017;092;CAGLIARI;6043;7816
2016/2017;093;PORDENONE;3032;3641
2016/2017;094;ISERNIA;1423;1737
2016/2017;095;ORISTANO;1865;2661
2016/2017;096;BIELLA;1473;1872
2016/2017;097;LECCO;3540;4147
2016/2017;098;LODI;2031;2568
2016/2017;099;RIMINI;3280;3999
2016/2017;100;PRATO;2440;3006
2016/2017;101;CROTONE;2521;3411
2016/2017;102;VIBO VALENTIA;2526;3485
2016/2017;103;VERBANO CUSIO OSSOLA;1177;1526
2016/2017;108;MONZA E BRIANZA;8837;10689
2016/2017;109;FERMO;2048;2729
2016/2017;110;BARLETTA - ANDRIA - TRANI;4951;6468
2016/2017;111;SUD SARDEGNA;3412;5465
2016/2017;998;PROVINCIA ESTERA;13000;12659
2016/2017;999;PROVINCIA NON DEFINITA;164;239
2015/2016;001;TORINO;25062;30006
2015/2016;002;VERCELLI;1587;2051
2015/2016;003;NOVARA;3185;4192
2015/2016;004;CUNEO;4637;6384
2015/2016;005;ASTI;1833;2317
2015/2016;006;ALESSANDRIA;3684;4742
2015/2016;007;AOSTA;1196;1631
2015/2016;008;IMPERIA;1723;2065
2015/2016;009;SAVONA;2516;3266
2015/2016;010;GENOVA;9813;11811
2015/2016;011;LA SPEZIA;2317;2797
2015/2016;012;VARESE;8197;9718
2015/2016;013;COMO;5265;6692
2015/2016;014;SONDRIO;1276;1773
2015/2016;015;MILANO;33886;39524
2015/2016;016;BERGAMO;9960;13230
2015/2016;017;BRESCIA;11095;13907
2015/2016;018;PAVIA;5086;6226
2015/2016;019;CREMONA;3267;4040
2015/2016;020;MANTOVA;3087;4143
2015/2016;021;BOLZANO;2100;3252
2015/2016;022;TRENTO;5559;7454
2015/2016;023;VERONA;9910;11721
2015/2016;024;VICENZA;8735;10916
2015/2016;025;BELLUNO;1877;2493
2015/2016;026;TREVISO;9159;10628
2015/2016;027;VENEZIA;8314;9685
2015/2016;028;PADOVA;11136;13400
2015/2016;029;ROVIGO;2220;2809
2015/2016;030;UDINE;5415;6574
2015/2016;031;GORIZIA;1367;1631
2015/2016;032;TRIESTE;2628;3113
2015/2016;033;PIACENZA;2537;3279
2015/2016;034;PARMA;4898;5886
2015/2016;035;REGGIO EMILIA;4523;5914
2015/2016;036;MODENA;6935;8254
2015/2016;037;BOLOGNA;10940;13197
2015/2016;038;FERRARA;3349;3960
2015/2016;039;RAVENNA;3160;4073
2015/2016;040;FORLI'-CESENA;3484;4657
2015/2016;041;PESARO E URBINO;3950;5023
2015/2016;042;ANCONA;6005;7292
2015/2016;043;MACERATA;3744;5026
2015/2016;044;ASCOLI PICENO;3009;3729
2015/2016;045;MASSA CARRARA;2151;2711
2015/2016;046;LUCCA;4202;5250
2015/2016;047;PISTOIA;2849;3613
2015/2016;048;FIRENZE;11695;14133
2015/2016;049;LIVORNO;3417;4162
2015/2016;050;PISA;5482;6951
2015/2016;051;AREZZO;3565;4656
2015/2016;052;SIENA;3116;3797
2015/2016;053;GROSSETO;2085;2535
2015/2016;054;PERUGIA;7555;9586
2015/2016;055;TERNI;2447;3042
2015/2016;056;VITERBO;3694;4558
2015/2016;057;RIETI;2071;2823
2015/2016;058;ROMA;61776;74416
2015/2016;059;LATINA;7423;9769
2015/2016;060;FROSINONE;6675;9227
2015/2016;061;CASERTA;14249;19966
2015/2016;062;BENEVENTO;4783;6235
2015/2016;063;NAPOLI;45954;58298
2015/2016;064;AVELLINO;7426;9881
2015/2016;065;SALERNO;18015;23992
2015/2016;066;L'AQUILA;5024;6713
2015/2016;067;TERAMO;4274;5839
2015/2016;068;PESCARA;4410;5705
2015/2016;069;CHIETI;5427;7267
2015/2016;070;CAMPOBASSO;3475;4703
2015/2016;071;FOGGIA;8572;11317
2015/2016;072;BARI;17794;22303
2015/2016;073;TARANTO;7342;9512
2015/2016;074;BRINDISI;4804;6602
2015/2016;075;LECCE;11407;15038
2015/2016;076;POTENZA;6184;8716
2015/2016;077;MATERA;3058;4174
2015/2016;078;COSENZA;11018;15355
2015/2016;079;CATANZARO;5955;7786
2015/2016;080;REGGIO CALABRIA;8686;12479
2015/2016;081;TRAPANI;5144;7057
2015/2016;082;PALERMO;15488;19421
2015/2016;083;MESSINA;8820;11805
2015/2016;084;AGRIGENTO;5872;7966
2015/2016;085;CALTANISSETTA;3797;5184
2015/2016;086;ENNA;2260;3356
2015/2016;087;CATANIA;15432;20746
2015/2016;088;RAGUSA;3780;5108
2015/2016;089;SIRACUSA;5056;6711
2015/2016;090;SASSARI;5400;7559
2015/2016;091;NUORO;2633;4196
2015/2016;092;CAGLIARI;5965;7911
2015/2016;093;PORDENONE;3038;3645
2015/2016;094;ISERNIA;1403;1815
2015/2016;095;ORISTANO;1874;2677
2015/2016;096;BIELLA;1471;1832
2015/2016;097;LECCO;3502;4042
2015/2016;098;LODI;1949;2586
2015/2016;099;RIMINI;3225;4007
2015/2016;100;PRATO;2348;2931
2015/2016;101;CROTONE;2566;3414
2015/2016;102;VIBO VALENTIA;2464;3572
2015/2016;103;VERBANO CUSIO OSSOLA;1166;1483
2015/2016;108;MONZA E BRIANZA;8524;10492
2015/2016;109;FERMO;2034;2737
2015/2016;110;BARLETTA - ANDRIA - TRANI;4890;6420
2015/2016;111;SUD SARDEGNA;3304;5473
2015/2016;998;PROVINCIA ESTERA;11878;11856
2015/2016;999;PROVINCIA NON DEFINITA;170;220
2014/2015;001;TORINO;25006;30336
2014/2015;002;VERCELLI;1597;2109
2014/2015;003;NOVARA;3103;4247
2014/2015;004;CUNEO;4537;6353
2014/2015;005;ASTI;1832;2351
2014/2015;006;ALESSANDRIA;3756;4877
2014/2015;007;AOSTA;1191;1678
2014/2015;008;IMPERIA;1702;2110
2014/2015;009;SAVONA;2489;3230
2014/2015;010;GENOVA;9628;11973
2014/2015;011;LA SPEZIA;2315;2760
2014/2015;012;VARESE;8082;9903
2014/2015;013;COMO;5276;6711
2014/2015;014;SONDRIO;1318;1768
2014/2015;015;MILANO;33401;39461
2014/2015;016;BERGAMO;9761;12994
2014/2015;017;BRESCIA;10960;13811
2014/2015;018;PAVIA;5143;6305
2014/2015;019;CREMONA;3232;4070
2014/2015;020;MANTOVA;3031;4125
2014/2015;021;BOLZANO;2154;3187
2014/2015;022;TRENTO;5632;7565
2014/2015;023;VERONA;9736;11617
2014/2015;024;VICENZA;8737;10810
2014/2015;025;BELLUNO;1890;2466
2014/2015;026;TREVISO;8999;10638
2014/2015;027;VENEZIA;8355;9646
2014/2015;028;PADOVA;11060;13511
2014/2015;029;ROVIGO;2161;2838
2014/2015;030;UDINE;5300;6559
2014/2015;031;GORIZIA;1348;1651
2014/2015;032;TRIESTE;2734;3176
2014/2015;033;PIACENZA;2558;3302
2014/2015;034;PARMA;4663;5835
2014/2015;035;REGGIO EMILIA;4358;5812
2014/2015;036;MODENA;6808;8121
2014/2015;037;BOLOGNA;10709;13061
2014/2015;038;FERRARA;3301;3961
2014/2015;039;RAVENNA;3047;4041
2014/2015;040;FORLI'-CESENA;3473;4698
2014/2015;041;PESARO E URBINO;3935;5134
2014/2015;042;ANCONA;6075;7325
2014/2015;043;MACERATA;3798;5107
2014/2015;044;ASCOLI PICENO;3078;3824
2014/2015;045;MASSA CARRARA;2145;2787
2014/2015;046;LUCCA;4201;5272
2014/2015;047;PISTOIA;2897;3580
2014/2015;048;FIRENZE;11844;14536
2014/2015;049;LIVORNO;3432;4211
2014/2015;050;PISA;5614;7037
2014/2015;051;AREZZO;3501;4687
2014/2015;052;SIENA;3111;3867
2014/2015;053;GROSSETO;2117;2636
2014/2015;054;PERUGIA;7443;9838
2014/2015;055;TERNI;2487;3097
2014/2015;056;VITERBO;3770;4759
2014/2015;057;RIETI;2047;2907
2014/2015;058;ROMA;61491;74777
2014/2015;059;LATINA;7452;9796
2014/2015;060;FROSINONE;6935;9498
2014/2015;061;CASERTA;14338;20377
2014/2015;062;BENEVENTO;4828;6419
2014/2015;063;NAPOLI;46129;59591
2014/2015;064;AVELLINO;7453;10119
2014/2015;065;SALERNO;18323;24609
2014/2015;066;L'AQUILA;5434;7166
2014/2015;067;TERAMO;4396;6163
2014/2015;068;PESCARA;4466;5974
2014/2015;069;CHIETI;5540;7497
2014/2015;070;CAMPOBASSO;3465;4750
2014/2015;071;FOGGIA;8612;11626
2014/2015;072;BARI;17977;22903
2014/2015;073;TARANTO;7351;9898
2014/2015;074;BRINDISI;4782;6857
2014/2015;075;LECCE;11502;15443
2014/2015;076;POTENZA;6272;9110
2014/2015;077;MATERA;3190;4353
2014/2015;078;COSENZA;11385;16321
2014/2015;079;CATANZARO;6069;8211
2014/2015;080;REGGIO CALABRIA;8847;12843
2014/2015;081;TRAPANI;5259;7162
2014/2015;082;PALERMO;15769;19896
2014/2015;083;MESSINA;9025;12403
2014/2015;084;AGRIGENTO;5931;8193
2014/2015;085;CALTANISSETTA;3809;5336
2014/2015;086;ENNA;2325;3445
2014/2015;087;CATANIA;15378;21196
2014/2015;088;RAGUSA;3826;5208
2014/2015;089;SIRACUSA;5118;7046
2014/2015;090;SASSARI;5324;7813
2014/2015;091;NUORO;2663;4337
2014/2015;092;CAGLIARI;5972;8028
2014/2015;093;PORDENONE;2965;3629
2014/2015;094;ISERNIA;1448;1946
2014/2015;095;ORISTANO;1928;2827
2014/2015;096;BIELLA;1468;1869
2014/2015;097;LECCO;3477;4032
2014/2015;098;LODI;1969;2647
2014/2015;099;RIMINI;3248;4098
2014/2015;100;PRATO;2374;3049
2014/2015;101;CROTONE;2530;3549
2014/2015;102;VIBO VALENTIA;2553;3669
2014/2015;103;VERBANO CUSIO OSSOLA;1174;1434
2014/2015;108;MONZA E BRIANZA;8489;10422
2014/2015;109;FERMO;2012;2777
2014/2015;110;BARLETTA - ANDRIA - TRANI;4857;6570
2014/2015;111;SUD SARDEGNA;3251;5557
2014/2015;998;PROVINCIA ESTERA;11339;11498
2014/2015;999;PROVINCIA NON DEFINITA;160;236
2013/2014;001;TORINO;24932;30597
2013/2014;002;VERCELLI;1637;2109
2013/2014;003;NOVARA;3098;4175
2013/2014;004;CUNEO;4560;6454
2013/2014;005;ASTI;1876;2341
2013/2014;006;ALESSANDRIA;3741;4820
2013/2014;007;AOSTA;1195;1753
2013/2014;008;IMPERIA;1706;2108
2013/2014;009;SAVONA;2491;3206
2013/2014;010;GENOVA;9593;12051
2013/2014;011;LA SPEZIA;2305;2771
2013/2014;012;VARESE;8060;10011
2013/2014;013;COMO;5304;6709
2013/2014;014;SONDRIO;1314;1756
2013/2014;015;MILANO;33246;39887
2013/2014;016;BERGAMO;9682;12970
2013/2014;017;BRESCIA;10955;13707
2013/2014;018;PAVIA;5201;6395
2013/2014;019;CREMONA;3248;4157
2013/2014;020;MANTOVA;3094;4174
2013/2014;021;BOLZANO;2173;3306
2013/2014;022;TRENTO;5809;7772
2013/2014;023;VERONA;9638;11675
2013/2014;024;VICENZA;8698;10911
2013/2014;025;BELLUNO;1958;2587
2013/2014;026;TREVISO;8863;10796
2013/2014;027;VENEZIA;8284;10029
2013/2014;028;PADOVA;11100;13744
2013/2014;029;ROVIGO;2183;2983
2013/2014;030;UDINE;5296;6688
2013/2014;031;GORIZIA;1383;1660
2013/2014;032;TRIESTE;2874;3294
2013/2014;033;PIACENZA;2612;3336
2013/2014;034;PARMA;4758;5970
2013/2014;035;REGGIO EMILIA;4401;5844
2013/2014;036;MODENA;7031;8293
2013/2014;037;BOLOGNA;10894;13381
2013/2014;038;FERRARA;3359;4094
2013/2014;039;RAVENNA;3088;4172
2013/2014;040;FORLI'-CESENA;3557;4800
2013/2014;041;PESARO E URBINO;3912;5163
2013/2014;042;ANCONA;6133;7387
2013/2014;043;MACERATA;3779;5157
2013/2014;044;ASCOLI PICENO;3185;3966
2013/2014;045;MASSA CARRARA;2159;2718
2013/2014;046;LUCCA;4101;5333
2013/2014;047;PISTOIA;2850;3573
2013/2014;048;FIRENZE;11781;14493
2013/2014;049;LIVORNO;3402;4192
2013/2014;050;PISA;5640;7188
2013/2014;051;AREZZO;3578;4715
2013/2014;052;SIENA;3049;3828
2013/2014;053;GROSSETO;2099;2564
2013/2014;054;PERUGIA;7456;9694
2013/2014;055;TERNI;2447;3118
2013/2014;056;VITERBO;3852;4823
2013/2014;057;RIETI;2105;2975
2013/2014;058;ROMA;61190;75225
2013/2014;059;LATINA;7464;9916
2013/2014;060;FROSINONE;7109;9942
2013/2014;061;CASERTA;14546;20605
2013/2014;062;BENEVENTO;4843;6697
2013/2014;063;NAPOLI;46477;60483
2013/2014;064;AVELLINO;7599;10484
2013/2014;065;SALERNO;18619;25179
2013/2014;066;L'AQUILA;5885;7710
2013/2014;067;TERAMO;4527;6455
2013/2014;068;PESCARA;4603;6287
2013/2014;069;CHIETI;5765;7727
2013/2014;070;CAMPOBASSO;3593;4885
2013/2014;071;FOGGIA;8720;11872
2013/2014;072;BARI;18037;23535
2013/2014;073;TARANTO;7411;10202
2013/2014;074;BRINDISI;4906;7075
2013/2014;075;LECCE;11505;15855
2013/2014;076;POTENZA;6510;9396
2013/2014;077;MATERA;3254;4407
2013/2014;078;COSENZA;11884;17121
2013/2014;079;CATANZARO;6253;8403
2013/2014;080;REGGIO CALABRIA;9283;13155
2013/2014;081;TRAPANI;5280;7272
2013/2014;082;PALERMO;15863;20139
2013/2014;083;MESSINA;9093;12803
2013/2014;084;AGRIGENTO;6077;8357
2013/2014;085;CALTANISSETTA;3815;5370
2013/2014;086;ENNA;2371;3585
2013/2014;087;CATANIA;15593;22045
2013/2014;088;RAGUSA;3902;5377
2013/2014;089;SIRACUSA;5295;7249
2013/2014;090;SASSARI;5427;8119
2013/2014;091;NUORO;2709;4429
2013/2014;092;CAGLIARI;6055;8321
2013/2014;093;PORDENONE;2968;3688
2013/2014;094;ISERNIA;1503;2051
2013/2014;095;ORISTANO;1976;2923
2013/2014;096;BIELLA;1467;1902
2013/2014;097;LECCO;3435;4085
2013/2014;098;LODI;1938;2670
2013/2014;099;RIMINI;3290;4230
2013/2014;100;PRATO;2414;3009
2013/2014;101;CROTONE;2545;3614
2013/2014;102;VIBO VALENTIA;2632;3826
2013/2014;103;VERBANO CUSIO OSSOLA;1180;1424
2013/2014;108;MONZA E BRIANZA;8457;10264
2013/2014;109;FERMO;2037;2804
2013/2014;110;BARLETTA - ANDRIA - TRANI;4939;6661
2013/2014;111;SUD SARDEGNA;3436;5822
2013/2014;998;PROVINCIA ESTERA;11041;11375
2013/2014;999;PROVINCIA NON DEFINITA;277;302
2012/2013;001;TORINO;25086;31207
2012/2013;002;VERCELLI;1649;2109
2012/2013;003;NOVARA;3133;4216
2012/2013;004;CUNEO;4686;6503
2012/2013;005;ASTI;1870;2353
2012/2013;006;ALESSANDRIA;3740;4866
2012/2013;007;AOSTA;1279;1838
2012/2013;008;IMPERIA;1677;2183
2012/2013;009;SAVONA;2527;3238
2012/2013;010;GENOVA;9757;12325
2012/2013;011;LA SPEZIA;2307;2872
2012/2013;012;VARESE;8202;10174
2012/2013;013;COMO;5364;6874
2012/2013;014;SONDRIO;1349;1789
2012/2013;015;MILANO;33540;40487
2012/2013;016;BERGAMO;9789;13109
2012/2013;017;BRESCIA;10830;13793
2012/2013;018;PAVIA;5228;6647
2012/2013;019;CREMONA;3253;4124
2012/2013;020;MANTOVA;3104;4160
2012/2013;021;BOLZANO;2272;3502
2012/2013;022;TRENTO;5990;7985
2012/2013;023;VERONA;9812;12015
2012/2013;024;VICENZA;8666;11126
2012/2013;025;BELLUNO;1978;2694
2012/2013;026;TREVISO;8848;11000
2012/2013;027;VENEZIA;8374;10386
2012/2013;028;PADOVA;11279;14197
2012/2013;029;ROVIGO;2240;3172
2012/2013;030;UDINE;5373;6862
2012/2013;031;GORIZIA;1380;1699
2012/2013;032;TRIESTE;2963;3341
2012/2013;033;PIACENZA;2619;3448
2012/2013;034;PARMA;4869;6087
2012/2013;035;REGGIO EMILIA;4277;5734
2012/2013;036;MODENA;7061;8278
2012/2013;037;BOLOGNA;11070;13752
2012/2013;038;FERRARA;3486;4364
2012/2013;039;RAVENNA;3094;4236
2012/2013;040;FORLI'-CESENA;3582;4966
2012/2013;041;PESARO E URBINO;4032;5346
2012/2013;042;ANCONA;6243;7608
2012/2013;043;MACERATA;3775;5357
2012/2013;044;ASCOLI PICENO;3206;4138
2012/2013;045;MASSA CARRARA;2196;2763
2012/2013;046;LUCCA;4119;5257
2012/2013;047;PISTOIA;2890;3659
2012/2013;048;FIRENZE;11916;14953
2012/2013;049;LIVORNO;3441;4317
2012/2013;050;PISA;5689;7310
2012/2013;051;AREZZO;3652;4862
2012/2013;052;SIENA;3047;3870
2012/2013;053;GROSSETO;2159;2623
2012/2013;054;PERUGIA;7639;10065
2012/2013;055;TERNI;2485;3231
2012/2013;056;VITERBO;3821;4883
2012/2013;057;RIETI;2095;3167
2012/2013;058;ROMA;61852;77640
2012/2013;059;LATINA;7600;10185
2012/2013;060;FROSINONE;7268;10481
2012/2013;061;CASERTA;14717;21152
2012/2013;062;BENEVENTO;4912;6837
2012/2013;063;NAPOLI;46721;62088
2012/2013;064;AVELLINO;7701;10733
2012/2013;065;SALERNO;18751;26133
2012/2013;066;L'AQUILA;6068;8074
2012/2013;067;TERAMO;4597;6519
2012/2013;068;PESCARA;4761;6538
2012/2013;069;CHIETI;5962;8050
2012/2013;070;CAMPOBASSO;3606;4961
2012/2013;071;FOGGIA;8990;12307
2012/2013;072;BARI;18436;24363
2012/2013;073;TARANTO;7502;10594
2012/2013;074;BRINDISI;4946;7429
2012/2013;075;LECCE;11783;16677
2012/2013;076;POTENZA;6712;9710
2012/2013;077;MATERA;3346;4528
2012/2013;078;COSENZA;12333;17738
2012/2013;079;CATANZARO;6426;8552
2012/2013;080;REGGIO CALABRIA;9751;13803
2012/2013;081;TRAPANI;5267;7420
2012/2013;082;PALERMO;15770;20671
2012/2013;083;MESSINA;9375;13463
2012/2013;084;AGRIGENTO;6159;8575
2012/2013;085;CALTANISSETTA;3900;5553
2012/2013;086;ENNA;2470;3719
2012/2013;087;CATANIA;15655;22766
2012/2013;088;RAGUSA;3989;5548
2012/2013;089;SIRACUSA;5454;7579
2012/2013;090;SASSARI;5562;8485
2012/2013;091;NUORO;2737;4528
2012/2013;092;CAGLIARI;6309;8690
2012/2013;093;PORDENONE;3044;3865
2012/2013;094;ISERNIA;1542;2107
2012/2013;095;ORISTANO;1977;3091
2012/2013;096;BIELLA;1477;1918
2012/2013;097;LECCO;3403;4144
2012/2013;098;LODI;1922;2659
2012/2013;099;RIMINI;3366;4406
2012/2013;100;PRATO;2418;3090
2012/2013;101;CROTONE;2577;3645
2012/2013;102;VIBO VALENTIA;2662;3974
2012/2013;103;VERBANO CUSIO OSSOLA;1185;1463
2012/2013;108;MONZA E BRIANZA;8382;10450
2012/2013;109;FERMO;2041;2883
2012/2013;110;BARLETTA - ANDRIA - TRANI;4913;6633
2012/2013;111;SUD SARDEGNA;3476;6095
2012/2013;998;PROVINCIA ESTERA;10398;10947
2012/2013;999;PROVINCIA NON DEFINITA;290;348
2011/2012;001;TORINO;25958;31958
2011/2012;002;VERCELLI;1657;2150
2011/2012;003;NOVARA;3202;4278
2011/2012;004;CUNEO;4819;6711
2011/2012;005;ASTI;1907;2412
2011/2012;006;ALESSANDRIA;3864;4885
2011/2012;007;AOSTA;1301;1880
2011/2012;008;IMPERIA;1728;2331
2011/2012;009;SAVONA;2663;3404
2011/2012;010;GENOVA;10192;13067
2011/2012;011;LA SPEZIA;2401;2959
2011/2012;012;VARESE;8386;10433
2011/2012;013;COMO;5550;7106
2011/2012;014;SONDRIO;1354;1805
2011/2012;015;MILANO;33891;41322
2011/2012;016;BERGAMO;9914;13316
2011/2012;017;BRESCIA;10866;14030
2011/2012;018;PAVIA;5314;6755
2011/2012;019;CREMONA;3277;4156
2011/2012;020;MANTOVA;3166;4164
2011/2012;021;BOLZANO;2374;3763
2011/2012;022;TRENTO;6189;8433
2011/2012;023;VERONA;9989;12299
2011/2012;024;VICENZA;8831;11245
2011/2012;025;BELLUNO;2077;2765
2011/2012;026;TREVISO;8963;11246
2011/2012;027;VENEZIA;8662;10663
2011/2012;028;PADOVA;11417;14636
2011/2012;029;ROVIGO;2364;3327
2011/2012;030;UDINE;5496;7194
2011/2012;031;GORIZIA;1504;1768
2011/2012;032;TRIESTE;3093;3653
2011/2012;033;PIACENZA;2670;3492
2011/2012;034;PARMA;5093;6285
2011/2012;035;REGGIO EMILIA;4388;5936
2011/2012;036;MODENA;7191;8454
2011/2012;037;BOLOGNA;11368;14374
2011/2012;038;FERRARA;3536;4600
2011/2012;039;RAVENNA;3217;4366
2011/2012;040;FORLI'-CESENA;3713;5076
2011/2012;041;PESARO E URBINO;4095;5561
2011/2012;042;ANCONA;6268;7867
2011/2012;043;MACERATA;3894;5576
2011/2012;044;ASCOLI PICENO;3397;4287
2011/2012;045;MASSA CARRARA;2303;2946
2011/2012;046;LUCCA;4159;5477
2011/2012;047;PISTOIA;2953;3778
2011/2012;048;FIRENZE;12250;15434
2011/2012;049;LIVORNO;3531;4585
2011/2012;050;PISA;5850;7535
2011/2012;051;AREZZO;3723;5106
2011/2012;052;SIENA;3125;4124
2011/2012;053;GROSSETO;2196;2672
2011/2012;054;PERUGIA;7782;10374
2011/2012;055;TERNI;2600;3377
2011/2012;056;VITERBO;3907;5200
2011/2012;057;RIETI;2224;3307
2011/2012;058;ROMA;63110;80589
2011/2012;059;LATINA;7956;10701
2011/2012;060;FROSINONE;7587;11062
2011/2012;061;CASERTA;15002;21746
2011/2012;062;BENEVENTO;5059;7059
2011/2012;063;NAPOLI;47916;63823
2011/2012;064;AVELLINO;7888;11091
2011/2012;065;SALERNO;19196;26757
2011/2012;066;L'AQUILA;6354;8539
2011/2012;067;TERAMO;4775;6799
2011/2012;068;PESCARA;5041;6983
2011/2012;069;CHIETI;6264;8462
2011/2012;070;CAMPOBASSO;3720;5106
2011/2012;071;FOGGIA;9295;12938
2011/2012;072;BARI;19159;25600
2011/2012;073;TARANTO;7863;11001
2011/2012;074;BRINDISI;5188;7913
2011/2012;075;LECCE;12175;17446
2011/2012;076;POTENZA;6950;9975
2011/2012;077;MATERA;3508;4748
2011/2012;078;COSENZA;12803;18552
2011/2012;079;CATANZARO;6533;8918
2011/2012;080;REGGIO CALABRIA;10113;14252
2011/2012;081;TRAPANI;5339;7615
2011/2012;082;PALERMO;16185;21149
2011/2012;083;MESSINA;9953;14265
2011/2012;084;AGRIGENTO;6342;8743
2011/2012;085;CALTANISSETTA;3939;5544
2011/2012;086;ENNA;2569;3809
2011/2012;087;CATANIA;15764;22934
2011/2012;088;RAGUSA;3991;5531
2011/2012;089;SIRACUSA;5582;7783
2011/2012;090;SASSARI;5687;8852
2011/2012;091;NUORO;2900;4804
2011/2012;092;CAGLIARI;6555;9173
2011/2012;093;PORDENONE;3089;3983
2011/2012;094;ISERNIA;1629;2176
2011/2012;095;ORISTANO;2051;3248
2011/2012;096;BIELLA;1492;1935
2011/2012;097;LECCO;3396;4119
2011/2012;098;LODI;1983;2749
2011/2012;099;RIMINI;3441;4502
2011/2012;100;PRATO;2486;3176
2011/2012;101;CROTONE;2630;3706
2011/2012;102;VIBO VALENTIA;2763;4038
2011/2012;103;VERBANO CUSIO OSSOLA;1215;1562
2011/2012;108;MONZA E BRIANZA;8625;10635
2011/2012;109;FERMO;2122;3060
2011/2012;110;BARLETTA - ANDRIA - TRANI;5033;6941
2011/2012;111;SUD SARDEGNA;3669;6532
2011/2012;998;PROVINCIA ESTERA;10005;10415
2011/2012;999;PROVINCIA NON DEFINITA;354;477
2010/2011;001;TORINO;26340;32634
2010/2011;002;VERCELLI;1642;2222
2010/2011;003;NOVARA;3250;4313
2010/2011;004;CUNEO;4964;6786
2010/2011;005;ASTI;1912;2476
2010/2011;006;ALESSANDRIA;3918;4991
2010/2011;007;AOSTA;1323;1964
2010/2011;008;IMPERIA;1772;2395
2010/2011;009;SAVONA;2700;3428
2010/2011;010;GENOVA;10421;13525
2010/2011;011;LA SPEZIA;2510;3008
2010/2011;012;VARESE;8533;10581
2010/2011;013;COMO;5680;7214
2010/2011;014;SONDRIO;1381;1875
2010/2011;015;MILANO;34725;42064
2010/2011;016;BERGAMO;10037;13393
2010/2011;017;BRESCIA;11186;14193
2010/2011;018;PAVIA;5576;7032
2010/2011;019;CREMONA;3370;4227
2010/2011;020;MANTOVA;3256;4280
2010/2011;021;BOLZANO;2532;4123
2010/2011;022;TRENTO;6364;8598
2010/2011;023;VERONA;10107;12545
2010/2011;024;VICENZA;8862;11302
2010/2011;025;BELLUNO;2161;2694
2010/2011;026;TREVISO;9163;11262
2010/2011;027;VENEZIA;9007;10815
2010/2011;028;PADOVA;11705;14784
2010/2011;029;ROVIGO;2411;3406
2010/2011;030;UDINE;5746;7367
2010/2011;031;GORIZIA;1505;1777
2010/2011;032;TRIESTE;3189;3856
2010/2011;033;PIACENZA;2784;3567
2010/2011;034;PARMA;5224;6413
2010/2011;035;REGGIO EMILIA;4371;5946
2010/2011;036;MODENA;7164;8516
2010/2011;037;BOLOGNA;11469;14644
2010/2011;038;FERRARA;3687;4727
2010/2011;039;RAVENNA;3294;4453
2010/2011;040;FORLI'-CESENA;3801;5132
2010/2011;041;PESARO E URBINO;4096;5597
2010/2011;042;ANCONA;6429;8055
2010/2011;043;MACERATA;3958;5732
2010/2011;044;ASCOLI PICENO;3412;4325
2010/2011;045;MASSA CARRARA;2402;3056
2010/2011;046;LUCCA;4235;5510
2010/2011;047;PISTOIA;3058;3877
2010/2011;048;FIRENZE;12554;15927
2010/2011;049;LIVORNO;3612;4635
2010/2011;050;PISA;6011;7664
2010/2011;051;AREZZO;3804;5257
2010/2011;052;SIENA;3221;4243
2010/2011;053;GROSSETO;2262;2839
2010/2011;054;PERUGIA;7916;10792
2010/2011;055;TERNI;2725;3546
2010/2011;056;VITERBO;4169;5470
2010/2011;057;RIETI;2326;3400
2010/2011;058;ROMA;65880;83377
2010/2011;059;LATINA;8320;11086
2010/2011;060;FROSINONE;7908;11468
2010/2011;061;CASERTA;15632;21984
2010/2011;062;BENEVENTO;5242;7285
2010/2011;063;NAPOLI;48807;64326
2010/2011;064;AVELLINO;8079;11205
2010/2011;065;SALERNO;19592;26872
2010/2011;066;L'AQUILA;6442;8731
2010/2011;067;TERAMO;4891;6952
2010/2011;068;PESCARA;5234;7116
2010/2011;069;CHIETI;6525;8713
2010/2011;070;CAMPOBASSO;3886;5205
2010/2011;071;FOGGIA;9643;13315
2010/2011;072;BARI;19910;26588
2010/2011;073;TARANTO;8093;11380
2010/2011;074;BRINDISI;5459;8310
2010/2011;075;LECCE;12618;18030
2010/2011;076;POTENZA;7143;10043
2010/2011;077;MATERA;3619;4858
2010/2011;078;COSENZA;13308;19205
2010/2011;079;CATANZARO;6894;9328
2010/2011;080;REGGIO CALABRIA;10434;14577
2010/2011;081;TRAPANI;5498;7700
2010/2011;082;PALERMO;16863;21904
2010/2011;083;MESSINA;10343;14853
2010/2011;084;AGRIGENTO;6430;8824
2010/2011;085;CALTANISSETTA;3978;5792
2010/2011;086;ENNA;2710;3970
2010/2011;087;CATANIA;16259;23701
2010/2011;088;RAGUSA;4101;5716
2010/2011;089;SIRACUSA;5803;8158
2010/2011;090;SASSARI;5827;9268
2010/2011;091;NUORO;2987;4957
2010/2011;092;CAGLIARI;6967;9774
2010/2011;093;PORDENONE;3137;4045
2010/2011;094;ISERNIA;1710;2270
2010/2011;095;ORISTANO;2181;3420
2010/2011;096;BIELLA;1480;1900
2010/2011;097;LECCO;3401;4124
2010/2011;098;LODI;2012;2744
2010/2011;099;RIMINI;3439;4483
2010/2011;100;PRATO;2541;3246
2010/2011;101;CROTONE;2771;3754
2010/2011;102;VIBO VALENTIA;2866;4121
2010/2011;103;VERBANO CUSIO OSSOLA;1226;1617
2010/2011;108;MONZA E BRIANZA;8802;10829
2010/2011;109;FERMO;2202;3193
2010/2011;110;BARLETTA - ANDRIA - TRANI;5197;7116
2010/2011;111;SUD SARDEGNA;3850;7023
2010/2011;998;PROVINCIA ESTERA;9252;9997
2010/2011;999;PROVINCIA NON DEFINITA;449;633
